2.77,462,513,13253,1487,195,12,50,-1,0
2.61,402,428,11144,1790,133,6,50,-1,0
2.86,411,462,11407,1604,155,7,50,-1,0
2.51,372,398,10438,1097,124,2,50,-1,0
3.05,406,454,10753,1360,156,7,50,-1,0
3.18,441,474,13669,2203,138,7,50,-1,0
2.1,307,328,8060,661,87,4,50,-1,0
2.64,329,356,8595,555,62,2,50,-1,0
2.72,400,426,11148,709,152,4,50,-1,0
2.03,467,514,12646,1383,148,7,50,-1,0
0.89,385,96,398,471,7,0,50,-1,0
2.44,467,71,562,116,6,0,50,-1,0
0.07,234,57,500,12,2,0,50,-1,0
2.7,425,404,8323,1477,116,4,50,-1,0
3.37,474,463,13912,986,120,2,50,-1,0
1.18,324,371,6885,752,76,2,50,-1,0
3.02,421,344,6537,1699,94,2,50,-1,0
2.09,400,341,8053,654,81,2,50,-1,0
2.65,379,288,6750,820,73,2,50,-1,0
2.28,372,378,7673,773,104,5,50,-1,0
1.84,392,289,4830,625,56,2,50,-1,0
3.22,397,345,10067,973,92,1,50,-1,0
2.37,378,343,6231,624,78,5,50,-1,0
2.69,417,406,9192,1593,118,3,50,-1,0
4.14,360,411,14077,939,132,1,50,-1,0
2.36,385,433,9752,846,145,5,50,-1,0
2.05,388,423,11730,1036,116,3,50,-1,0
2.81,406,461,10508,1561,147,2,50,-1,0
2.84,436,488,9191,1669,177,4,50,-1,0
2.21,452,447,13902,829,96,2,50,-1,0
3.12,431,447,11134,1456,159,9,22,-1,0
3.63,437,479,14170,1281,156,8,50,-1,0
2.28,355,397,9547,637,128,5,50,-1,0
2.89,358,373,10611,717,81,3,24,-1,0
2.27,355,271,5722,1039,49,2,50,-1,0
2.69,342,388,11721,613,75,1,50,-1,0
2.94,469,423,11038,1811,135,2,50,-1,0
2.34,401,285,6750,865,72,0,50,-1,0
2.23,430,403,8768,1334,133,5,50,-1,0
2.65,366,249,4051,1094,55,1,50,-1,0
2.16,407,427,11634,1115,117,2,50,-1,0
2.53,361,351,8673,1046,96,7,50,-1,0
2.59,412,347,8839,1083,82,1,50,-1,0
1.82,342,340,8516,671,50,3,50,-1,0
1.79,432,399,10834,1011,112,3,50,-1,0
2.49,425,425,9507,1339,103,3,50,-1,0
2.43,611,375,13523,2052,68,1,50,-1,0
2.31,422,350,10201,987,109,2,50,-1,0
1.72,392,295,7979,707,66,1,50,-1,0
1.76,410,215,2234,514,32,1,50,-1,0
1.47,364,226,4796,846,44,2,50,-1,0
3.48,406,389,9599,1383,112,3,50,-1,0
1.86,327,224,3400,317,36,1,50,-1,0
2.45,409,310,4798,833,82,1,50,-1,0
3.17,414,339,6875,920,89,3,50,-1,0
3.48,449,427,11536,1249,155,7,50,-1,0
2.35,376,312,7010,1255,88,2,50,-1,0
3.65,402,258,4920,954,63,2,50,-1,0
2.34,386,272,4458,858,72,3,50,-1,0
2.72,387,247,5051,670,44,0,50,-1,0
3.91,466,363,9017,1459,119,4,50,-1,0
2.58,350,271,4962,674,35,2,50,-1,0
5.75,492,430,10253,772,73,1,50,-1,0
2.1,372,240,5376,573,33,0,50,-1,0
1.44,392,224,6136,594,26,0,50,-1,0
2.63,469,343,11198,1745,80,1,50,-1,0
1.16,347,181,3505,313,13,0,50,-1,0
1.5,351,216,4565,504,22,0,50,-1,0
3.05,411,419,10031,1126,95,3,50,-1,0
3.33,530,543,16131,2104,179,12,50,-1,0
2.55,499,531,15642,2137,179,5,50,-1,0
3.03,532,576,15795,2357,193,3,50,-1,0
2.64,399,441,7132,594,75,7,50,-1,0
2.92,469,444,12661,1450,114,4,50,-1,0
2.89,518,399,12451,1655,109,4,50,-1,0
1.71,419,275,9255,682,52,0,50,-1,0
1.16,387,255,5398,361,23,0,50,-1,0
3.26,493,447,13042,1315,98,5,50,-1,0
1.94,429,437,11604,794,121,4,50,-1,0
1.71,452,241,7219,953,29,0,50,-1,0
3.41,542,467,13607,2690,150,5,50,-1,0
2.67,424,434,10026,1320,122,3,50,-1,0
2.26,443,295,6784,833,77,1,50,-1,0
2.36,463,465,12767,1463,165,6,50,-1,0
1.82,349,378,9140,1122,92,1,50,-1,0
2.43,429,464,13705,989,119,2,50,-1,0
2.46,536,473,13042,2332,168,7,50,-1,0
2.1,333,276,4870,706,36,2,50,-1,0
1.93,381,388,9714,880,96,2,50,-1,0
2.48,480,520,14143,1385,153,2,50,-1,0
2.09,325,233,5704,297,15,0,50,-1,0
2.45,377,359,9106,536,93,4,50,-1,0
1.62,476,286,6690,618,49,1,50,-1,0
1.95,387,319,5999,872,70,2,50,-1,0
2.9,409,439,10772,631,111,4,50,-1,0
2.83,469,487,16159,1963,136,7,50,-1,0
2.4,357,392,8477,1128,97,4,50,-1,0
2.59,463,499,12384,1189,167,4,50,-1,0
1.98,394,313,7791,998,88,5,50,-1,0
2.62,399,340,9054,722,80,3,50,-1,0
2.66,420,377,9071,1307,111,4,50,-1,0
2.09,417,359,5835,1327,142,4,50,-1,0
2.09,440,378,8420,1446,142,7,50,-1,0
2.55,428,391,11278,1177,120,4,50,-1,0
2.56,445,435,11294,2004,128,3,50,-1,0
1.55,369,181,2242,575,30,0,50,-1,0
2.29,393,451,9682,665,98,4,50,-1,0
2.79,461,484,13872,1769,139,7,50,-1,0
3.0,516,466,10200,1747,162,2,50,-1,0
2.11,372,263,6353,947,38,0,50,-1,0
1.2,454,262,6363,753,30,0,50,-1,0
2.37,403,446,14334,1020,103,3,50,-1,0
2.47,350,316,6557,958,73,3,50,-1,0
1.53,387,265,6163,307,28,0,50,-1,0
1.86,391,332,9483,641,72,2,50,-1,0
2.89,405,460,9084,820,88,5,50,-1,0
2.16,419,479,11462,644,125,5,50,-1,0
3.09,460,449,12300,1283,125,6,50,-1,0
2.77,438,445,11330,1871,169,14,50,-1,0
2.03,339,319,6579,859,73,1,50,-1,0
3.0,404,388,7899,821,104,4,50,-1,0
0.96,352,155,2390,372,18,0,50,-1,0
4.35,508,540,15358,2238,183,4,50,-1,0
3.51,391,340,7666,873,84,4,50,-1,0
2.95,509,525,13022,2500,167,3,50,-1,0
3.23,408,342,8775,1063,82,1,50,-1,0
3.19,416,430,14329,1362,114,1,50,-1,0
3.37,424,284,7174,758,53,0,50,-1,0
1.85,438,407,10994,1403,87,3,50,-1,0
2.49,427,295,9550,782,52,2,50,-1,0
1.77,480,440,11302,1742,121,2,50,-1,0
2.5,419,412,11798,1261,117,0,50,-1,0
2.27,452,356,12149,901,81,3,50,-1,0
2.43,453,284,8613,1212,36,1,50,-1,0
1.97,411,368,9251,1300,111,1,50,-1,0
2.6,460,326,9553,1236,80,0,50,-1,0
2.51,505,441,13924,2105,128,2,50,-1,0
1.62,415,307,9215,872,60,1,50,-1,0
2.96,425,396,10915,1117,75,2,50,-1,0
2.09,425,386,10251,1481,91,1,50,-1,0
2.87,450,411,10848,1286,94,4,50,-1,0
3.15,441,472,11833,729,124,1,50,-1,0
3.07,438,499,13253,1044,126,2,50,-1,0
2.91,468,337,11415,1168,76,4,50,-1,0
2.37,550,348,13537,1749,81,4,50,-1,0
2.35,346,361,10707,535,51,0,50,-1,0
2.67,421,478,13095,1165,134,7,50,-1,0
2.42,448,477,13738,1337,114,2,50,-1,0
2.19,444,500,12836,1417,159,8,50,-1,0
2.23,474,402,9395,1501,125,4,50,-1,0
2.43,393,373,7700,1270,87,1,50,-1,0
2.26,340,289,5339,466,72,3,50,-1,0
2.83,345,295,8600,945,77,3,50,-1,0
2.84,442,435,12088,1620,124,5,50,-1,0
2.1,367,312,6433,777,73,2,50,-1,0
3.72,406,351,8142,1026,108,3,50,-1,0
2.24,425,415,9979,1147,140,5,50,-1,0
2.84,400,326,5887,1318,93,4,50,-1,0
3.06,368,360,9385,916,78,2,50,-1,0
2.36,442,417,10202,1264,118,4,50,-1,0
3.62,404,429,9618,1319,131,11,50,-1,0
1.64,350,271,4660,566,66,0,50,-1,0
1.7,413,286,5731,1411,66,1,50,-1,0
2.14,341,239,4872,628,46,0,50,-1,0
2.4,363,245,3079,537,35,1,50,-1,0
4.27,425,320,8122,951,76,2,50,-1,0
1.26,385,190,2475,707,19,0,50,-1,0
2.34,433,460,10698,1261,152,7,50,-1,0
2.94,373,316,6952,1027,80,4,50,-1,0
2.56,401,236,3493,1055,37,1,50,-1,0
1.5,323,197,3399,209,25,0,50,-1,0
1.49,332,273,4514,908,68,4,50,-1,0
1.69,399,295,3839,984,63,2,50,-1,0
2.29,400,390,9231,779,102,4,50,-1,0
3.29,449,394,8832,1719,110,8,50,-1,0
2.46,352,313,6238,635,69,3,50,-1,0
2.58,438,450,10953,931,146,8,50,-1,0
3.37,457,384,10859,1855,145,3,50,-1,0
2.78,419,404,10952,1126,129,3,50,-1,0
2.21,443,407,10312,1449,129,4,50,-1,0
2.2,388,295,5051,1027,58,1,50,-1,0
5.04,404,345,8592,855,73,1,50,-1,0
2.22,377,349,8381,609,90,4,50,-1,0
2.5,398,394,9931,1216,98,4,50,-1,0
1.89,360,287,6422,876,63,1,50,-1,0
2.93,386,380,9527,837,86,4,50,-1,0
3.07,454,484,15049,1098,107,5,50,-1,0
3.75,566,387,15466,1197,96,5,50,-1,0
2.47,422,341,8626,1260,69,1,50,-1,0
4.26,607,340,14583,1106,70,1,50,-1,0
3.06,454,468,15157,2807,160,9,50,-1,0
2.43,412,462,11854,883,114,2,50,-1,0
2.64,460,504,19657,1546,122,16,5,-1,0
2.62,363,286,5287,897,56,1,50,-1,0
1.72,417,343,8529,1215,95,3,50,-1,0
1.9,387,433,10075,954,108,1,50,-1,0
1.98,455,287,7003,596,36,0,50,-1,0
1.77,315,335,8112,299,55,3,50,-1,0
1.42,415,237,3624,673,17,0,50,-1,0
2.9,455,300,6631,662,48,1,50,-1,0
2.54,429,463,10123,1379,159,5,50,-1,0
1.37,371,234,4577,640,26,0,50,-1,0
3.1,474,435,11447,1279,105,3,50,-1,0
2.13,347,292,5771,771,47,0,50,-1,0
1.99,440,372,8197,2461,123,2,50,-1,0
3.53,391,413,11207,1068,81,2,50,-1,0
3.14,443,472,12517,1695,125,6,50,-1,0
2.47,466,470,12863,1103,124,3,50,-1,0
1.96,389,334,7094,1067,96,2,50,-1,0
1.25,327,269,3587,747,69,1,50,-1,0
1.8,353,221,3092,476,28,0,50,-1,0
3.13,396,340,8862,990,89,3,50,-1,0
2.13,353,323,7019,757,85,2,50,-1,0
3.26,480,491,14461,1910,171,8,50,-1,0
2.32,382,244,3963,771,52,1,50,-1,0
2.2,474,472,12634,1503,172,6,50,-1,0
2.33,419,301,4774,836,71,5,50,-1,0
2.32,357,282,5953,707,65,0,50,-1,0
1.83,338,370,7780,730,107,5,50,-1,0
1.21,331,159,2092,416,14,0,50,-1,0
3.04,445,447,12645,1415,131,2,50,-1,0
2.9,404,377,9748,1124,99,4,50,-1,0
2.48,359,233,5154,498,37,1,50,-1,0
1.8,342,290,5639,835,63,2,50,-1,0
2.59,423,448,13286,1476,128,4,50,-1,0
2.42,443,420,10574,1453,126,7,50,-1,0
2.22,374,253,4023,733,41,1,50,-1,0
2.08,370,287,9554,921,65,2,50,-1,0
2.7,457,432,10800,1778,119,4,50,-1,0
2.7,416,469,13340,1118,97,5,50,-1,0
3.45,452,515,14876,1542,146,5,50,-1,0
2.17,403,424,11558,1519,150,6,50,-1,0
3.01,426,467,14060,1161,143,6,50,-1,0
2.3,318,343,9690,566,63,1,50,-1,0
2.47,455,489,16514,1210,124,5,50,-1,0
2.86,433,479,13225,1595,160,3,50,-1,0
3.66,543,573,17033,2682,185,6,50,-1,0
2.42,412,461,11332,864,109,2,50,-1,0
2.22,392,435,11141,915,113,8,50,-1,0
1.95,342,357,9253,756,115,2,50,-1,0
2.83,463,495,14663,1437,189,10,50,-1,0
2.06,395,416,8993,1211,127,4,50,-1,0
1.51,339,316,8031,498,64,3,50,-1,0
2.31,467,465,11209,1364,210,8,50,-1,0
2.13,371,358,8743,813,82,2,50,-1,0
2.88,484,450,10415,2118,176,4,50,-1,0
2.44,407,418,11160,1717,135,4,50,-1,0
2.05,391,331,6935,806,70,4,50,-1,0
2.97,467,483,11187,1907,170,7,50,-1,0
3.23,377,389,10180,858,81,3,50,-1,0
2.6,402,372,8167,726,100,5,50,-1,0
2.3,403,370,9000,893,93,3,50,-1,0
2.69,357,318,8268,515,66,2,50,-1,0
2.03,454,408,8109,1223,126,4,50,-1,0
2.83,454,439,10901,1507,137,6,50,-1,0
1.77,334,310,7545,590,54,4,50,-1,0
2.7,371,352,8703,773,87,8,50,-1,0
1.79,366,395,5929,643,82,4,50,-1,0
3.12,495,380,10344,1022,82,3,50,-1,0
2.75,543,364,12810,954,65,2,50,-1,0
1.99,441,402,12727,616,77,3,50,-1,0
2.78,446,419,10642,1603,137,3,50,-1,0
2.32,507,409,10483,1646,136,12,50,-1,0
2.37,338,326,8843,699,55,1,50,-1,0
1.51,343,241,5262,575,27,0,50,-1,0
2.21,399,395,11524,784,86,0,50,-1,0
1.8,338,314,6382,710,57,1,50,-1,0
1.27,287,63,1078,416,3,0,50,-1,0
1.04,228,45,1100,295,3,0,50,-1,0
3.2,397,432,11243,1607,97,2,50,-1,0
1.74,402,382,9055,1073,106,2,50,-1,0
1.7,462,398,12964,1091,79,2,50,-1,0
1.71,405,299,9227,426,52,2,50,-1,0
2.51,488,342,9938,1167,67,4,50,-1,0
2.63,430,458,12328,1506,114,4,50,-1,0
2.86,446,407,12453,1142,97,1,50,-1,0
2.14,406,315,7332,666,57,2,50,-1,0
1.88,456,433,12917,1175,133,8,50,-1,0
2.24,427,322,12122,547,56,0,50,-1,0
2.11,440,299,8221,795,54,0,50,-1,0
2.21,434,447,13666,1454,134,2,50,-1,0
2.81,512,422,11251,1210,129,2,50,-1,0
0.34,372,164,1513,135,18,0,50,-1,0
2.94,489,407,12177,1632,110,1,50,-1,0
2.86,462,475,16184,1527,173,4,50,-1,0
1.67,369,414,11059,885,110,1,50,-1,0
2.29,331,366,7559,839,97,6,50,-1,0
2.89,355,391,11299,470,117,2,50,-1,0
3.77,443,476,15956,1424,133,7,50,-1,0
2.72,383,393,10401,1566,97,5,50,-1,0
2.56,374,415,10793,1516,95,4,50,-1,0
2.83,431,471,10997,1334,143,4,50,-1,0
2.65,437,465,14156,1326,105,1,50,-1,0
2.34,434,458,14418,1471,131,2,50,-1,0
1.75,440,464,10737,1582,160,4,50,-1,0
2.46,398,454,12598,806,116,5,50,-1,0
1.48,362,402,9957,763,83,2,50,-1,0
2.11,470,519,14491,2254,146,3,50,-1,0
2.43,443,469,11877,1003,107,2,50,-1,0
2.31,413,454,14152,1223,94,6,50,-1,0
2.62,408,322,6924,1041,81,4,50,-1,0
2.53,398,278,5745,859,64,2,50,-1,0
3.23,456,428,11270,1330,120,7,50,-1,0
2.64,381,283,6115,843,60,1,50,-1,0
1.8,374,202,3824,532,26,1,50,-1,0
2.09,349,294,5948,728,90,2,50,-1,0
2.68,357,308,6118,738,49,1,50,-1,0
3.23,426,368,9497,1162,106,4,50,-1,0
2.15,393,323,6986,906,95,6,50,-1,0
3.09,365,292,5846,430,54,1,50,-1,0
2.38,385,281,6220,761,59,5,50,-1,0
1.73,374,341,6833,1250,90,1,50,-1,0
1.77,412,264,5020,643,54,2,50,-1,0
2.88,382,334,6268,1298,102,6,50,-1,0
1.46,342,184,2256,443,19,0,50,-1,0
2.27,345,285,5789,687,48,1,50,-1,0
2.49,366,425,9005,817,101,4,50,-1,0
2.05,441,440,11386,757,125,7,50,-1,0
2.02,412,343,8437,1010,74,3,50,-1,0
1.64,378,287,7118,890,85,1,50,-1,0
1.9,350,315,8451,678,68,1,50,-1,0
1.58,390,346,7478,439,87,1,50,-1,0
2.21,431,363,10156,1026,75,4,50,-1,0
1.62,393,270,5070,599,49,1,50,-1,0
2.13,455,390,11704,1010,103,1,50,-1,0
1.3,450,301,5837,569,47,0,50,-1,0
1.31,324,351,8012,880,80,2,50,-1,0
1.71,380,273,5501,581,60,2,50,-1,1
2.21,433,370,8562,1242,128,5,50,-1,1
4.07,445,419,10895,1626,143,6,50,-1,1
2.33,351,264,4794,715,63,2,50,-1,1
3.35,496,432,10079,1697,143,7,50,-1,1
2.07,360,275,6169,879,51,2,50,-1,1
2.28,368,313,7648,834,77,1,50,-1,1
2.73,401,388,10718,841,81,2,50,-1,1
1.33,316,162,1426,474,20,0,50,-1,1
4.07,533,571,18737,2044,199,9,50,-1,1
2.17,427,366,6604,849,96,0,50,-1,1
2.86,479,472,12401,1644,153,4,50,-1,1
2.04,470,324,8488,911,59,0,50,-1,1
1.84,503,379,10218,1353,121,4,50,-1,1
2.51,433,361,7490,1088,76,0,50,-1,1
1.79,353,318,7215,774,64,3,50,-1,1
3.18,407,396,15947,912,93,1,50,-1,1
2.09,465,292,9254,1174,51,1,50,-1,1
3.71,508,287,11351,836,49,0,50,-1,1
2.36,387,351,6632,867,61,1,50,-1,1
2.13,459,265,7459,730,33,0,50,-1,1
2.57,437,444,10791,999,139,7,50,-1,1
2.52,488,500,15866,1867,136,7,50,-1,1
2.99,534,501,11589,1538,266,6,50,-1,1
1.88,408,318,6520,829,58,0,50,-1,1
1.71,383,288,7316,873,67,1,50,-1,1
1.72,391,334,6613,886,103,2,50,-1,1
2.65,460,368,8982,1108,90,2,50,-1,1
2.81,545,422,11391,1354,106,3,50,-1,1
2.38,424,423,13032,1022,123,4,50,-1,1
1.66,402,358,9426,943,84,0,50,-1,1
3.76,530,388,11637,1192,93,4,50,-1,1
2.11,448,369,8896,1192,116,3,50,-1,1
3.83,431,455,13445,1843,135,6,50,-1,1
2.52,403,428,10026,2026,155,1,50,-1,1
3.36,439,460,10834,1971,150,5,50,-1,1
2.8,392,423,11071,2008,114,4,50,-1,1
2.43,365,376,10665,675,81,4,50,-1,1
1.94,347,225,5271,481,50,1,50,-1,1
3.11,488,452,10924,1711,158,2,50,-1,1
4.77,450,400,9015,1589,133,8,50,-1,1
2.82,407,364,9088,1049,75,4,50,-1,1
3.4,417,342,7757,1049,95,2,50,-1,1
3.13,440,409,12505,1325,85,5,50,-1,1
2.09,432,423,10085,1494,139,3,50,-1,1
2.49,433,267,7601,685,45,1,50,-1,1
1.57,400,286,4173,571,32,1,50,-1,1
1.82,403,245,4596,897,35,1,50,-1,1
2.74,415,443,10100,1054,125,7,50,-1,1
2.33,338,421,12605,538,81,1,50,-1,1
3.56,375,397,11182,1196,86,3,50,-1,1
2.94,400,433,9161,1783,151,8,50,-1,1
1.34,267,287,4615,278,43,3,50,-1,1
3.7,546,553,14645,3059,225,7,50,-1,1
2.02,318,346,7240,530,87,4,50,-1,1
3.78,454,472,11929,2016,170,7,50,-1,1
2.97,442,470,12743,1980,167,3,50,-1,1
2.16,373,238,2414,636,33,1,50,-1,1
3.88,427,340,8027,1190,102,4,50,-1,1
2.05,340,232,4304,671,52,0,50,-1,1
3.3,416,389,10029,1119,115,7,50,-1,1
2.69,360,253,6033,688,39,0,50,-1,1
3.15,358,294,7221,736,68,1,50,-1,1
2.83,438,336,8838,1623,126,7,50,-1,1
2.71,378,353,8712,1274,86,1,50,-1,1
2.76,414,418,11722,1039,129,8,50,-1,1
2.39,380,282,5561,857,62,3,50,-1,1
1.98,331,346,7958,512,59,1,50,-1,1
3.26,581,384,15818,1096,58,1,50,-1,1
2.44,538,287,12650,617,26,0,50,-1,1
2.54,429,346,12807,1131,85,1,50,-1,1
2.44,574,564,15117,3911,203,3,50,-1,1
2.57,384,409,10918,693,80,2,50,-1,1
4.99,526,583,15287,2184,170,5,50,-1,1
2.33,429,460,9899,1600,142,5,50,-1,1
2.32,415,408,10779,804,81,3,50,-1,1
2.85,447,471,10242,2471,150,4,50,-1,1
3.9,423,433,11710,1316,120,7,50,-1,1
1.84,330,345,9973,649,72,1,50,-1,1
2.71,367,328,7503,769,80,2,50,-1,1
3.05,389,426,11559,1061,123,5,50,-1,1
2.12,399,438,10405,1126,138,2,50,-1,1
2.91,432,456,11979,1289,120,1,50,-1,1
1.42,464,193,4687,928,39,0,50,-1,1
1.59,396,194,5345,639,23,0,50,-1,1
1.84,427,312,9804,1092,70,2,50,-1,1
2.7,463,383,10783,1068,94,3,50,-1,1
1.9,410,465,8278,1052,162,14,50,-1,1
2.95,493,533,14640,1146,173,13,50,-1,1
2.32,469,430,11627,1761,131,3,50,-1,1
2.45,442,433,11859,1164,112,3,50,-1,1
2.61,422,389,9571,897,104,4,50,-1,1
2.63,469,465,13923,1728,159,7,50,-1,1
3.44,506,488,14532,1993,158,4,50,-1,1
2.27,421,435,11351,1209,139,5,50,-1,1
1.9,339,375,9645,450,103,4,50,-1,1
2.59,393,436,11880,1560,123,7,50,-1,1
2.79,401,423,11123,1320,118,3,50,-1,1
3.2,453,488,12872,1761,164,9,50,-1,1
2.15,426,352,8764,1047,81,2,50,-1,1
1.32,377,259,5728,598,32,0,50,-1,1
3.15,455,402,10455,898,100,2,50,-1,1
2.17,480,281,7254,753,38,0,50,-1,1
2.5,485,455,10721,1712,100,2,13,-1,1
6.25,674,698,22936,3391,175,6,9,-1,1
2.37,506,433,14604,1397,118,0,50,-1,1
2.36,494,249,10635,547,37,0,50,-1,1
2.21,374,338,8293,663,67,1,50,-1,1
1.62,364,240,6380,683,57,2,50,-1,1
2.15,238,255,6782,575,52,1,50,-1,1
2.81,485,529,14708,791,172,2,11,-1,1
2.2,467,503,10773,754,118,3,36,-1,1
2.28,480,501,13791,2078,158,3,50,-1,1
11.33,436,403,11913,564,61,9,2,-1,1
3.31,530,572,17684,1873,170,1,50,-1,1
2.17,429,432,11100,1144,146,2,50,-1,1
2.11,529,588,12940,3260,174,2,11,-1,1
4.02,410,441,10635,955,89,9,50,-1,1
7.57,561,615,17509,1722,167,2,50,-1,1
2.55,425,449,13331,883,128,6,50,-1,1
2.31,483,539,13425,1562,156,7,50,-1,1
2.63,492,525,16185,2458,166,8,50,-1,1
2.19,459,508,14179,1797,162,2,50,-1,1
2.15,490,304,4960,1540,35,0,50,-1,1
1.88,494,326,5947,970,53,1,50,-1,1
2.02,428,321,7060,808,74,1,50,-1,1
3.25,459,475,9742,1799,151,5,50,-1,1
1.96,330,254,6092,386,28,2,50,-1,1
1.84,410,360,7721,953,83,1,50,-1,1
2.25,420,473,14149,1210,124,6,50,-1,1
2.6,289,305,8416,689,86,3,50,-1,1
2.36,433,479,14589,993,134,6,50,-1,1
2.78,467,490,12505,1674,161,8,50,-1,1
2.93,405,442,10903,1410,123,1,50,-1,1
2.34,453,495,13776,1143,130,7,50,-1,1
3.1,431,476,9504,1394,153,2,50,-1,1
2.58,420,440,12160,1320,126,5,50,-1,1
1.87,418,444,10017,1048,129,3,50,-1,1
2.94,414,431,11015,1644,131,4,50,-1,1
2.06,397,434,9961,919,112,5,50,-1,1
2.61,379,405,9762,511,107,5,50,-1,1
3.72,376,403,9115,1188,93,8,50,-1,1
2.39,381,400,9727,1275,122,5,50,-1,1
2.25,386,408,10273,1055,130,1,50,-1,1
2.77,385,405,10587,909,94,3,50,-1,1
3.16,372,396,10312,736,104,5,50,-1,1
2.64,404,416,11120,1049,139,5,50,-1,1
2.81,486,537,15697,2081,142,4,50,-1,1
3.32,487,366,12396,1371,75,3,50,-1,1
3.1,463,353,7857,1130,76,1,50,-1,1
2.35,439,270,6075,694,42,1,50,-1,1
1.97,468,385,9231,1056,87,5,50,-1,1
1.69,337,394,7521,533,76,5,50,-1,1
2.07,415,443,11871,1463,129,4,50,-1,1
2.04,471,498,13341,1678,150,1,50,-1,1
1.62,302,333,7465,599,55,5,50,-1,1
2.45,472,505,14899,2128,181,6,50,-1,1
4.76,514,548,11733,2481,121,8,5,-1,1
2.66,471,447,11470,1075,131,6,50,-1,1
2.62,412,439,11866,1155,110,1,50,-1,1
2.31,487,507,14282,1878,182,2,50,-1,1
3.36,548,585,17077,3082,196,7,50,-1,1
2.3,437,377,9722,633,89,3,50,-1,1
2.82,471,481,14504,1599,148,3,50,-1,1
2.39,453,487,11098,1214,168,4,50,-1,1
2.15,435,456,14330,1602,125,4,50,-1,1
3.34,517,373,13686,1021,59,1,50,-1,1
2.72,393,434,10602,1032,123,6,50,-1,1
1.7,544,523,13521,2042,185,5,50,-1,1
3.31,413,421,11713,1310,104,3,50,-1,1
2.88,458,452,13322,1880,139,4,50,-1,1
2.47,461,397,10353,1156,93,0,50,-1,1
1.54,318,354,8730,495,85,4,50,-1,1
3.21,450,479,11104,1185,135,7,50,-1,1
3.29,524,535,16242,2108,215,9,50,-1,1
1.4,56,62,1202,41,13,1,50,-1,1
2.65,332,362,7928,482,63,1,50,-1,1
2.95,406,423,13174,1416,124,8,50,-1,1
3.08,425,445,13180,1301,135,10,50,-1,1
1.53,352,369,8500,1004,103,3,50,-1,1
2.41,503,529,12812,2208,174,15,50,-1,1
3.84,452,487,10623,1828,151,6,50,-1,1
2.38,416,469,15675,1326,138,8,50,-1,1
3.08,461,486,13154,1365,174,10,50,-1,1
2.47,470,503,16480,2096,161,6,50,-1,1
2.1,433,485,10943,1850,185,7,50,-1,1
1.2,306,333,5538,550,83,3,50,-1,1
2.5,484,518,13788,1630,149,4,50,-1,1
1.85,336,374,8726,506,82,5,50,-1,1
2.43,490,523,13473,1885,191,7,50,-1,1
2.25,448,311,6919,1102,64,0,50,-1,1
1.71,370,237,5949,462,26,0,50,-1,1
2.59,604,430,11046,1938,88,2,50,-1,1
3.04,407,376,8375,827,105,3,50,-1,1
1.88,416,331,7068,807,52,1,50,-1,1
2.81,461,436,11885,1322,124,6,50,-1,1
2.77,420,466,15613,1041,103,2,50,-1,1
1.98,426,459,10966,1252,127,1,50,-1,1
1.73,416,439,13248,914,156,3,50,-1,1
2.47,365,412,10343,1052,94,4,50,-1,1
3.01,573,557,12672,2061,202,7,50,-1,1
2.26,442,487,12626,1405,153,10,50,-1,1
2.47,421,456,11510,1061,127,2,50,-1,1
3.76,404,463,12517,1049,133,4,50,-1,1
3.35,562,576,17197,3415,168,11,50,-1,1
3.29,386,430,10425,471,85,5,50,-1,1
3.5,386,417,11126,1033,99,4,50,-1,1
2.12,375,411,10880,670,131,9,50,-1,1
3.27,400,433,9705,1176,133,7,50,-1,1
2.94,414,465,16215,725,119,6,50,-1,1
2.43,427,463,11510,1079,111,2,50,-1,1
3.88,560,614,20266,3470,167,7,50,-1,1
2.58,466,518,12126,1168,170,4,50,-1,1
2.29,380,428,9633,851,143,3,50,-1,1
3.26,525,524,18181,1750,250,12,50,-1,1
2.6,403,411,9279,979,138,3,50,-1,1
3.27,414,448,10799,1535,142,2,50,-1,1
2.72,383,417,12633,696,114,5,50,-1,1
3.15,365,406,11582,885,89,4,50,-1,1
2.67,428,469,13833,1024,151,4,50,-1,1
2.15,366,388,8484,1179,91,6,50,-1,1
2.53,423,453,12888,1583,148,7,50,-1,1
2.93,441,470,12990,1239,145,7,50,-1,1
2.22,365,396,10657,960,87,2,50,-1,1
2.31,345,382,8757,1038,82,1,50,-1,1
2.9,454,459,11814,2207,97,1,50,-1,1
2.31,403,401,10627,1009,114,6,50,-1,1
1.74,357,300,5891,648,70,2,50,-1,1
2.4,375,375,10377,750,86,2,50,-1,1
2.48,423,421,10649,1484,137,3,50,-1,1
3.81,433,448,9961,1715,136,4,50,-1,1
2.19,391,399,8599,914,107,5,50,-1,1
1.19,324,178,2160,445,20,0,50,-1,1
1.07,312,172,1895,547,15,1,50,-1,1
2.49,426,418,9123,1685,111,2,50,-1,1
1.75,374,306,7652,694,83,0,50,-1,1
2.26,472,338,9966,1272,66,2,50,-1,1
2.05,479,351,9806,1163,93,4,50,-1,1
1.68,399,399,10368,912,99,2,50,-1,1
2.09,433,378,10321,886,88,4,50,-1,1
2.47,431,471,13598,1395,105,7,50,-1,1
5.1,556,549,14381,1893,159,7,50,-1,1
4.67,376,384,9108,429,49,2,50,-1,1
2.8,411,432,9771,1452,122,8,50,-1,1
2.92,425,410,6207,1743,118,10,50,-1,1
2.07,273,302,8398,895,65,1,50,-1,1
3.0,388,410,10403,925,100,3,50,-1,1
2.42,407,441,11790,1187,124,4,50,-1,1
2.86,520,549,13350,2263,222,6,50,-1,1
2.53,404,462,10979,927,147,5,50,-1,1
2.15,413,413,12212,981,114,7,50,-1,1
2.62,390,420,11276,601,96,2,50,-1,1
2.15,396,418,10474,916,137,5,50,-1,1
3.03,423,457,12401,1233,149,7,50,-1,1
3.91,406,451,12706,1166,136,1,50,-1,1
5.44,478,534,14418,1700,144,3,50,-1,1
3.12,520,548,13885,2123,177,11,50,-1,1
3.12,410,440,11014,1188,96,4,50,-1,1
2.27,421,452,13994,1474,129,8,50,-1,1
2.8,471,496,13124,1936,154,5,50,-1,1
2.32,387,419,11143,1083,126,7,50,-1,1
2.48,433,463,17179,822,107,4,50,-1,1
2.08,386,418,11012,1306,108,4,50,-1,1
2.61,426,451,12429,1200,151,4,50,-1,1
2.4,448,476,12785,1623,147,4,50,-1,1
3.42,437,450,11779,1702,143,6,50,-1,1
2.64,484,496,11118,2408,176,8,50,-1,1
1.86,480,490,11636,1417,189,3,50,-1,1
2.68,422,441,11921,1383,122,6,50,-1,1
1.8,416,435,10649,1329,168,5,50,-1,1
2.04,425,442,11956,1102,145,4,50,-1,1
1.58,353,360,9789,435,79,3,50,-1,1
3.72,585,365,14266,1704,88,4,50,-1,1
2.81,539,306,11140,886,48,0,50,-1,1
3.44,472,513,13408,1729,169,6,50,-1,1
1.6,403,211,6026,500,30,0,50,-1,1
2.36,491,408,12212,1842,126,4,50,-1,1
3.86,428,470,12584,1194,127,2,50,-1,1
7.57,764,381,20775,662,41,1,50,-1,1
2.32,401,374,10363,641,89,2,50,-1,1
2.33,430,318,7994,1081,80,5,50,-1,1
2.98,518,316,10124,1403,51,2,50,-1,1
2.05,414,399,8887,936,116,2,50,-1,1
1.83,381,371,9356,808,98,2,50,-1,1
1.79,395,405,10750,857,110,0,42,-1,1
2.34,470,489,13647,1410,155,2,50,-1,1
2.72,435,432,11685,1304,128,1,50,-1,1
2.81,470,489,11830,1187,176,7,50,-1,1
3.3,464,473,11370,2460,164,3,50,-1,1
3.86,51,53,1720,162,19,0,50,-1,1
3.13,358,389,11139,693,103,4,50,-1,1
2.54,442,484,15672,1143,144,3,50,-1,1
1.82,336,383,11679,624,109,2,50,-1,1
3.18,410,482,14052,1101,126,6,50,-1,1
1.99,378,400,9304,914,124,3,50,-1,1
3.39,506,488,13741,1799,133,4,50,-1,1
2.4,419,394,10740,870,94,2,50,-1,1
1.74,395,371,7626,626,87,1,50,-1,1
2.16,380,385,10425,1121,85,4,50,-1,1
2.01,385,430,10342,1173,122,3,50,-1,1
3.53,463,490,12793,1409,167,4,50,-1,1
2.73,420,423,12468,1141,152,5,50,-1,1
2.59,490,468,12133,1680,118,3,50,-1,1
2.64,441,444,12405,1065,132,2,50,-1,1
3.0,436,464,12650,1611,166,3,50,-1,1
4.34,520,544,13152,2824,212,16,50,-1,1
2.81,478,514,12071,2351,218,10,50,-1,1
2.4,375,402,9636,702,114,3,50,-1,1
2.37,355,363,9382,744,87,1,50,-1,1
2.39,503,534,17130,2437,211,8,50,-1,1
1.98,369,347,8609,590,69,2,50,-1,1
2.19,469,490,13161,1261,150,8,50,-1,1
2.3,436,504,12366,1565,147,5,50,-1,1
2.69,585,595,15849,2906,225,6,50,-1,1
2.69,440,500,13176,891,155,4,50,-1,1
3.01,511,525,15032,2311,174,3,50,-1,1
2.85,409,427,14286,1147,118,5,50,-1,1
2.73,417,434,13426,1449,136,3,50,-1,1
2.97,387,431,9390,1382,122,2,50,-1,1
3.31,489,579,18271,1703,152,6,50,-1,1
1.75,403,431,11286,1339,119,2,50,-1,1
2.11,455,480,14042,1564,159,4,50,-1,1
3.25,462,497,12065,1811,163,2,50,-1,1
3.15,218,233,6873,689,73,1,50,-1,1
2.7,449,517,12721,1189,148,5,50,-1,1
2.78,394,430,12615,1079,75,4,50,-1,1
2.16,393,444,11281,658,99,2,50,-1,1
2.38,449,493,13424,1876,185,7,50,-1,1
2.35,416,460,12944,659,117,4,50,-1,1
1.84,327,373,7621,419,102,4,50,-1,1
2.2,437,492,13062,958,143,2,50,-1,1
3.79,425,470,11837,973,107,4,50,-1,1
2.8,518,546,13872,1483,196,4,50,-1,1
2.09,358,417,11706,602,92,5,50,-1,1
1.9,492,494,12346,1418,185,5,50,-1,1
3.5,396,452,12342,1124,107,3,50,-1,1
2.44,418,442,10955,1468,127,2,50,-1,1
3.67,447,499,12412,1823,127,5,50,-1,1
3.84,399,423,10622,782,138,8,50,-1,1
2.81,460,450,13595,1844,142,7,36,-1,1
4.05,213,216,7847,1120,78,4,50,-1,1
2.15,407,380,9568,1174,89,2,50,-1,1
3.22,470,497,14519,2027,134,6,50,-1,1
3.26,525,565,16188,2272,180,10,50,-1,1
2.32,548,521,13259,1879,177,4,50,-1,1
2.72,442,463,13299,1595,158,6,50,-1,1
2.6,352,390,11100,950,91,10,50,-1,1
3.48,457,497,12998,2107,143,2,47,-1,1
2.28,455,475,11598,2064,170,13,50,-1,1
2.47,399,423,13853,1126,112,5,50,-1,1
3.02,421,454,15020,1620,118,5,50,-1,1
2.43,413,460,11107,1340,143,6,50,-1,1
2.87,378,398,8887,1067,76,2,50,-1,1
2.84,495,496,11334,2718,163,3,50,-1,1
3.19,362,391,11000,837,69,4,50,-1,1
2.15,402,420,11509,1226,117,2,50,-1,1
3.68,355,370,8964,855,80,2,50,-1,1
2.43,363,388,9741,913,70,4,50,-1,1
2.79,390,409,10413,1423,76,3,50,-1,1
2.9,427,487,9821,1442,137,8,50,-1,1
2.18,403,431,10708,985,123,5,50,-1,1
2.86,467,506,15444,1961,141,7,50,-1,1
2.12,436,476,11522,1237,150,3,50,-1,1
2.19,418,443,12371,955,135,3,50,-1,1
1.92,423,447,13366,1552,127,3,50,-1,1
2.5,480,509,11068,1918,209,2,50,-1,1
2.45,402,426,11420,1208,106,4,50,-1,1
2.29,427,464,13215,1052,122,6,50,-1,1
2.58,430,472,12617,1585,151,7,50,-1,1
1.86,337,353,8568,1456,85,2,50,-1,1
2.48,475,497,12970,1235,167,17,50,-1,1
1.04,360,206,3335,529,24,1,50,-1,1
2.15,394,319,5721,859,70,3,50,-1,1
3.49,506,339,11683,1230,73,3,50,-1,1
1.37,356,207,4011,494,13,0,50,-1,1
1.28,362,279,7541,437,61,1,50,-1,1
1.62,363,255,6347,488,36,0,50,-1,1
1.49,381,323,4834,912,87,2,50,-1,1
2.03,432,439,12039,1223,135,2,50,-1,1
2.05,402,430,9669,1297,127,4,50,-1,1
2.25,426,426,9773,1386,93,1,17,-1,1
3.23,460,498,10815,2881,159,2,43,-1,1
3.66,421,465,9630,1471,94,4,50,-1,1
2.56,410,454,10372,1222,114,6,50,-1,1
4.99,522,507,14720,1897,195,4,50,-1,1
4.14,372,390,10405,790,63,4,50,-1,1
2.9,484,532,14837,1404,161,10,50,-1,1
2.22,376,401,10921,933,116,3,50,-1,1
2.22,332,382,8773,961,80,2,50,-1,1
3.04,323,343,8501,502,50,3,50,-1,1
3.02,486,517,16400,1502,171,6,50,-1,1
2.9,523,549,17565,1646,176,7,50,-1,1
2.02,412,422,9390,1817,117,3,50,-1,1
3.42,440,473,13921,1415,144,4,50,-1,1
2.17,457,483,9248,1526,141,17,17,-1,1
3.25,512,577,12312,1229,181,4,12,-1,1
4.22,578,630,11766,3540,197,4,4,-1,1
1.93,361,402,10984,655,94,7,50,-1,1
2.64,437,465,15475,1060,157,11,50,-1,1
2.08,518,549,16631,2780,209,13,50,-1,1
2.25,448,474,12956,1936,153,4,50,-1,1
3.62,553,549,17648,3346,183,9,50,-1,1
2.68,377,404,10916,929,107,5,50,-1,1
2.98,411,427,15036,1229,109,4,50,-1,1
1.66,320,362,9827,556,98,8,50,-1,1
2.87,417,468,11485,908,166,4,50,-1,1
2.36,412,435,13528,1407,129,2,50,-1,1
2.25,381,405,10417,951,112,2,50,-1,1
2.84,479,475,14236,2261,142,5,50,-1,1
2.66,467,500,10800,1546,160,2,50,-1,1
2.18,372,385,9316,928,96,3,50,-1,1
2.62,410,423,11022,1062,136,6,50,-1,1
1.88,326,340,6650,817,79,5,50,-1,1
2.44,482,514,14170,1581,172,3,50,-1,1
2.9,429,453,14632,1380,132,4,50,-1,1
3.23,488,550,15100,1528,119,5,50,-1,1
3.48,506,528,15545,2608,212,8,50,-1,1
2.5,414,441,10132,1074,156,8,50,-1,1
2.23,417,435,11559,1107,127,1,50,-1,1
2.46,339,395,9246,917,86,8,50,-1,1
2.85,337,376,11309,743,75,5,50,-1,1
1.83,71,75,1704,282,11,1,50,-1,1
3.04,368,390,12665,645,59,2,50,-1,1
2.76,395,412,10584,1079,114,1,50,-1,1
2.68,499,507,15079,1715,173,8,50,-1,1
2.47,447,474,12634,1453,142,6,50,-1,1
2.2,490,541,14137,1790,171,4,50,-1,1
3.44,419,478,13547,1094,111,9,50,-1,1
2.33,334,374,7578,779,66,4,50,-1,1
3.19,408,435,10830,908,91,3,50,-1,1
3.89,501,525,15055,2716,154,9,50,-1,1
2.96,444,505,15134,2071,123,7,50,-1,1
1.83,405,436,11355,1204,167,8,50,-1,1
2.23,451,478,12082,1560,146,6,50,-1,1
3.3,473,505,15025,1657,181,7,50,-1,1
3.62,430,447,12298,1551,143,3,50,-1,1
1.42,269,291,6760,306,77,2,50,-1,1
2.02,510,533,12705,1519,198,2,50,-1,1
2.2,435,474,8835,1834,131,9,19,-1,1
3.09,357,403,11037,1113,75,4,50,-1,1
2.27,363,406,8981,1165,103,3,50,-1,1
2.99,424,457,12525,1228,142,4,50,-1,1
2.19,343,390,11338,575,55,1,50,-1,1
3.25,446,490,14468,1054,134,8,50,-1,1
3.49,436,481,12691,1376,133,4,50,-1,1
3.87,497,528,15328,2206,181,6,50,-1,1
0.0,372,42,0,292,1,0,50,-1,2
0.0,413,50,0,605,2,0,50,-1,2
0.0,370,35,0,299,1,0,50,-1,2
0.0,370,36,0,285,1,0,50,-1,2
0.0,443,63,0,514,4,1,50,-1,2
0.0,389,45,0,296,1,0,50,-1,2
0.0,416,52,0,627,3,0,50,-1,2
0.0,374,44,0,317,1,0,50,-1,2
0.0,370,42,0,289,1,0,50,-1,2
3.48,503,493,12125,2224,185,8,50,-1,2
3.81,471,441,11867,1778,133,7,40,-1,2
1.66,412,425,9612,814,130,6,50,-1,2
2.69,472,453,13412,1649,147,5,50,-1,2
1.77,373,372,10574,1388,98,3,50,-1,2
2.34,407,418,10736,834,105,4,50,-1,2
4.56,571,581,14355,2794,222,13,50,-1,2
2.49,278,288,5670,301,39,3,50,-1,2
4.1,451,478,11154,1198,105,13,50,-1,2
1.98,400,300,6048,600,54,2,50,-1,2
2.93,424,292,4877,1003,38,1,50,-1,2
2.65,511,433,10144,1688,110,3,50,-1,2
1.89,435,344,8799,1022,73,2,50,-1,2
1.57,421,353,7891,1188,72,2,50,-1,2
1.59,341,256,5775,539,39,1,50,-1,2
1.61,408,283,5675,712,51,2,50,-1,2
3.39,519,465,13663,2252,160,5,50,-1,2
2.8,468,413,10007,2067,109,3,50,-1,2
2.0,441,416,9214,1056,145,7,50,-1,2
3.75,470,420,12395,1366,113,4,50,-1,2
2.89,478,419,13063,591,94,5,50,-1,2
1.69,384,421,10808,990,112,3,50,-1,2
2.07,358,376,10669,436,62,2,50,-1,2
2.72,403,442,11661,957,133,4,50,-1,2
2.12,434,474,13777,1209,126,4,50,-1,2
2.58,498,502,15274,1403,196,4,50,-1,2
2.86,575,258,12718,470,25,0,50,-1,2
2.02,474,327,7594,1360,81,2,50,-1,2
2.66,506,486,14424,1950,160,10,50,-1,2
1.87,476,198,6974,798,22,0,50,-1,2
1.78,424,287,8871,842,48,1,50,-1,2
1.5,502,231,6804,349,21,0,50,-1,2
1.86,450,398,10281,1316,98,4,50,-1,2
4.35,821,427,19224,1065,64,2,50,-1,2
2.32,423,459,12240,1070,127,5,50,-1,2
2.06,377,402,10801,789,109,6,50,-1,2
2.97,491,497,14323,2514,181,5,50,-1,2
3.41,534,554,15345,2004,211,7,50,-1,2
3.13,497,507,12433,2072,202,6,50,-1,2
2.41,543,563,15312,2053,192,3,50,-1,2
2.57,470,461,12379,1671,128,3,50,-1,2
2.92,457,475,14701,1194,137,4,50,-1,2
3.26,416,436,9048,974,117,4,50,-1,2
2.3,434,358,9267,1284,102,1,50,-1,2
2.02,475,384,10016,1037,82,2,50,-1,2
2.22,379,342,8219,875,80,2,50,-1,2
1.61,385,368,8507,862,96,3,50,-1,2
2.78,493,413,11555,1504,119,3,50,-1,2
1.99,443,282,5903,1259,47,0,50,-1,2
2.19,432,356,6459,933,67,2,50,-1,2
3.08,475,522,15980,1357,149,6,50,-1,2
3.25,430,450,15469,1438,110,5,50,-1,2
2.91,477,506,14568,1693,139,6,50,-1,2
3.53,498,532,18337,1923,160,9,50,-1,2
2.27,389,422,11339,555,99,3,50,-1,2
2.45,428,440,12553,1182,129,7,50,-1,2
2.95,466,487,13320,1383,132,6,50,-1,2
2.56,363,408,12261,376,80,4,50,-1,2
3.14,541,559,17175,2045,163,4,50,-1,2
2.15,442,477,12791,1289,130,7,50,-1,2
3.27,443,449,10483,1457,130,5,50,-1,2
2.24,398,418,9723,976,117,4,50,-1,2
1.72,329,337,9065,824,98,3,50,-1,2
2.09,447,479,11151,896,160,3,50,-1,2
1.4,340,356,7451,566,67,5,50,-1,2
2.03,373,386,10937,650,93,3,50,-1,2
1.46,359,344,7746,902,114,5,50,-1,2
2.56,485,504,12165,2167,177,9,50,-1,2
1.96,470,479,12079,1484,156,11,50,-1,2
4.11,436,493,11156,1150,144,4,50,-1,2
3.22,418,440,14430,794,124,7,50,-1,2
2.19,416,440,9715,1291,131,6,50,-1,2
2.49,402,424,12128,1588,114,7,50,-1,2
2.91,376,379,9072,795,45,1,50,-1,2
2.36,437,460,13212,1393,144,5,50,-1,2
2.05,364,381,9120,771,112,3,50,-1,2
3.15,456,466,13824,1538,151,5,50,-1,2
3.33,500,556,20802,1684,171,6,50,-1,2
3.54,562,601,19614,2355,227,12,50,-1,2
2.64,559,576,15062,2364,220,7,50,-1,2
2.09,135,148,3795,276,40,1,50,-1,2
2.93,474,496,12985,1522,171,7,50,-1,2
2.2,437,428,9750,1654,137,5,50,-1,2
3.59,418,479,14096,1422,142,4,50,-1,2
2.77,424,441,13945,1683,128,6,50,-1,2
1.96,422,448,12622,908,132,4,50,-1,2
2.64,381,387,10755,994,84,5,50,-1,2
2.32,495,492,14066,1755,171,6,50,-1,2
3.48,492,502,14609,2070,181,9,50,-1,2
2.99,439,473,13702,845,142,6,50,-1,2
2.22,392,377,8901,1580,107,2,50,-1,2
3.7,427,475,14603,868,126,6,50,-1,2
2.25,436,447,11611,1481,118,2,50,-1,2
1.17,317,347,7033,497,82,1,50,-1,2
1.6,335,348,6461,499,86,3,50,-1,2
3.09,440,475,11701,981,158,4,50,-1,2
2.5,456,463,12442,1434,120,6,50,-1,2
1.42,404,401,8452,731,123,6,50,-1,2
3.21,457,480,12729,1078,149,4,50,-1,2
2.17,433,471,13241,1451,127,4,50,-1,2
2.88,469,526,15148,1346,169,7,50,-1,2
2.6,441,441,11080,1956,170,4,50,-1,2
3.14,471,502,15024,1981,171,5,50,-1,2
2.98,515,523,14239,2780,219,6,50,-1,2
2.93,418,435,11502,1263,134,11,50,-1,2
3.3,482,499,14805,1973,169,6,50,-1,2
2.75,472,465,12636,1606,139,4,50,-1,2
2.45,399,400,10111,1484,124,4,50,-1,2
2.14,462,495,13026,1373,170,7,50,-1,2
2.36,470,485,13769,1360,182,7,50,-1,2
3.55,527,547,17229,2763,171,10,50,-1,2
2.82,342,337,7361,523,66,2,50,-1,2
2.56,540,543,13188,3544,197,4,50,-1,2
2.73,418,424,10083,1683,137,6,50,-1,2
2.72,474,476,12359,1825,159,4,50,-1,2
2.72,559,542,11255,3381,214,5,50,-1,2
3.49,438,450,10048,2021,137,4,50,-1,2
3.44,487,517,13704,2456,147,8,30,-1,2
2.64,505,558,12274,1952,187,4,43,-1,2
1.81,451,476,10562,1702,184,5,50,-1,2
3.65,470,527,11762,1931,159,3,50,-1,2
3.58,508,537,18716,1163,169,8,50,-1,2
2.56,368,374,9422,708,57,2,50,-1,2
2.99,417,426,10578,1269,98,3,50,-1,2
2.77,416,461,11743,1227,96,5,50,-1,2
1.37,328,340,7347,519,90,4,50,-1,2
3.34,520,509,13560,2652,215,8,50,-1,2
5.04,516,521,12918,2246,223,7,50,-1,2
2.98,355,368,10336,969,81,2,50,-1,2
3.46,454,481,14487,1368,184,10,50,-1,2
3.57,407,454,9554,1772,101,3,50,-1,2
3.42,505,534,15320,1712,217,13,50,-1,2
4.01,464,482,13757,2689,157,7,50,-1,2
2.96,499,505,15193,1674,186,4,50,-1,2
3.43,532,522,17429,2076,199,5,50,-1,2
4.18,530,531,14742,2487,215,9,50,-1,2
3.26,385,433,10339,643,95,3,50,-1,2
2.65,365,379,10452,1213,87,3,50,-1,2
2.63,481,498,12910,1948,158,8,50,-1,2
3.64,461,475,13145,1467,141,8,50,-1,2
1.81,372,374,9615,766,103,4,50,-1,2
1.68,336,362,6049,607,88,3,50,-1,2
2.93,496,510,16097,2679,171,6,50,-1,2
3.48,592,609,20304,2693,200,6,50,-1,2
2.97,474,540,13426,1499,142,5,26,-1,2
3.06,398,450,11303,1110,121,6,50,-1,2
3.63,488,532,14318,2523,150,5,50,-1,2
2.8,387,414,9543,953,99,6,50,-1,2
3.59,567,589,17676,2089,241,4,50,-1,2
1.8,397,429,10860,1201,117,2,50,-1,2
2.79,459,491,12514,1352,173,9,50,-1,2
3.57,565,582,17150,2215,206,7,50,-1,2
1.93,329,350,8956,778,83,5,50,-1,2
2.23,407,434,11594,1314,146,6,50,-1,2
4.79,564,592,19843,2397,217,7,50,-1,2
1.94,311,325,7819,633,46,1,50,-1,2
2.73,378,445,9330,614,77,6,50,-1,2
2.7,481,507,13064,2106,176,10,50,-1,2
3.3,440,471,14430,1556,156,4,50,-1,2
2.63,367,393,9507,839,96,4,50,-1,2
3.33,400,436,11337,1363,144,8,50,-1,2
2.58,386,416,8726,1096,123,4,50,-1,2
3.34,385,426,10379,1038,116,4,50,-1,2
2.58,423,464,12108,1532,165,6,50,-1,2
3.38,431,438,12594,1484,95,6,50,-1,2
2.53,385,458,13677,917,103,7,50,-1,2
3.3,523,558,16802,2018,169,5,50,-1,2
2.17,426,448,11966,1405,120,2,50,-1,2
2.78,462,492,14079,1544,143,7,50,-1,2
2.47,440,450,10098,1903,151,5,50,-1,2
2.88,478,482,12799,1352,131,5,50,-1,2
2.18,374,372,10018,1013,85,2,50,-1,2
3.44,512,510,12589,2502,185,5,50,-1,2
3.66,586,582,17235,3001,208,9,50,-1,2
2.52,518,519,13617,2028,178,8,50,-1,2
3.14,494,551,15109,1466,182,1,50,-1,2
2.17,382,402,12667,544,99,5,50,-1,2
3.33,434,487,17830,1334,138,5,50,-1,2
3.2,531,569,16498,2003,177,6,50,-1,2
2.36,340,372,7605,507,78,2,50,-1,2
1.78,353,371,8819,511,78,2,50,-1,2
2.46,424,465,15725,1021,153,1,50,-1,2
3.18,484,525,13701,1756,146,5,50,-1,2
5.29,489,515,12796,1961,171,7,50,-1,2
2.56,433,494,14314,1104,134,3,50,-1,2
2.72,362,398,10418,1056,99,6,50,-1,2
3.72,457,493,12989,1426,171,11,50,-1,2
2.39,318,347,8581,354,80,4,50,-1,2
2.51,447,462,12875,1818,130,8,50,-1,2
3.77,442,481,13141,1031,114,5,50,-1,2
2.53,350,384,9622,321,73,5,50,-1,2
3.44,508,523,13677,1869,168,7,50,-1,2
1.98,453,468,13183,1296,165,8,50,-1,2
2.49,420,459,9568,1093,126,4,50,-1,2
2.2,426,451,9928,1124,143,7,50,-1,2
3.17,464,470,14025,1332,147,4,50,-1,2
3.01,427,451,12429,1051,135,5,50,-1,2
1.97,400,399,8715,1979,91,3,50,-1,2
3.59,508,497,15097,1717,168,4,50,-1,2
3.7,540,508,16192,2334,181,10,50,-1,2
3.35,501,504,14801,2223,167,4,50,-1,2
2.61,426,478,11798,1373,140,1,50,-1,2
2.34,493,489,13762,2073,160,8,50,-1,2
2.56,421,437,10923,1154,98,2,50,-1,2
2.03,467,499,12752,1002,138,8,50,-1,2
3.29,490,502,15711,1420,161,3,50,-1,2
2.9,443,454,11466,1599,146,6,50,-1,2
2.85,508,506,14493,2262,203,6,50,-1,2
2.88,467,478,12551,2179,162,4,50,-1,2
3.62,465,490,13864,2037,155,5,50,-1,2
2.78,418,450,13322,1530,147,6,50,-1,2
3.17,465,502,15393,1859,140,11,50,-1,2
2.1,335,355,8555,586,72,5,50,-1,2
2.79,416,458,13609,1232,118,4,50,-1,2
3.05,502,529,16742,1711,197,12,50,-1,2
2.31,306,337,8543,784,73,5,50,-1,2
3.52,445,457,14621,1430,156,7,50,-1,2
2.12,367,405,11257,1193,101,3,50,-1,2
1.69,427,428,12908,967,110,2,50,-1,2
2.76,462,492,13482,1551,172,4,50,-1,2
3.25,421,452,10715,915,111,8,50,-1,2
3.04,567,538,16172,2043,221,13,50,-1,2
3.72,487,528,14838,1481,180,12,50,-1,2
3.4,457,478,13424,1808,161,9,50,-1,2
2.68,476,525,14081,1046,169,7,50,-1,2
2.7,477,503,11124,1717,178,7,50,-1,2
2.62,359,370,9717,528,86,9,50,-1,2
3.83,519,538,16649,2713,187,7,50,-1,2
2.76,470,530,12519,2056,169,16,50,-1,2
3.49,538,531,14992,1809,178,10,50,-1,2
2.81,519,479,13438,3367,172,6,50,-1,2
1.95,351,366,8765,563,93,2,50,-1,2
1.51,375,404,8529,930,126,8,50,-1,2
2.71,524,544,17197,2343,192,6,50,-1,2
2.55,451,465,14615,1741,146,3,50,-1,2
2.53,416,420,11220,1078,95,4,50,-1,2
2.63,581,588,18773,2522,210,10,50,-1,2
3.83,559,562,14319,2716,208,12,50,-1,2
2.38,572,523,9253,5226,222,6,50,-1,2
3.06,600,545,18207,3586,231,8,50,-1,2
3.18,443,448,12227,1027,97,2,50,-1,2
3.51,577,581,14514,2439,223,13,50,-1,2
3.04,528,543,14407,2033,201,7,50,-1,2
3.97,499,520,10914,1767,165,9,50,-1,2
3.42,474,525,12628,1970,186,4,50,-1,2
3.57,521,562,18659,2410,204,4,50,-1,2
2.97,421,446,10985,1205,144,7,50,-1,2
2.43,471,501,13588,1360,188,3,50,-1,2
1.96,450,486,14211,1813,155,2,50,-1,2
3.68,547,567,18960,2101,213,10,50,-1,2
3.17,458,475,16549,1343,128,3,50,-1,2
2.09,490,501,12779,1793,166,5,50,-1,2
2.24,379,395,12983,679,77,6,50,-1,2
2.34,447,469,12776,2146,141,5,50,-1,2
2.12,481,513,12779,2349,196,5,50,-1,2
3.22,471,523,15142,2184,146,5,50,-1,2
2.11,420,457,15152,1177,117,4,50,-1,2
3.39,481,495,12063,1478,158,4,50,-1,2
4.14,563,564,19221,1989,207,12,50,-1,2
1.66,309,339,7254,475,55,5,50,-1,2
1.94,438,386,9952,1202,107,6,50,-1,2
1.87,318,325,5760,228,49,3,50,-1,2
1.98,468,473,11743,1489,152,5,50,-1,2
3.29,426,438,12601,1893,138,2,50,-1,2
2.42,444,473,11743,1056,133,3,50,-1,2
2.25,490,503,14412,1798,215,7,50,-1,2
2.84,532,541,14097,2116,198,14,50,-1,2
1.79,312,319,7224,298,41,2,50,-1,2
2.12,531,543,15646,2155,188,8,50,-1,2
2.92,402,442,9804,1081,114,4,50,-1,2
3.1,457,494,13327,1216,152,7,50,-1,2
3.21,428,468,12335,1290,120,5,50,-1,2
3.66,486,533,14658,2011,167,3,50,-1,2
3.02,546,593,13203,2398,227,3,50,-1,2
2.33,451,494,12515,1353,154,6,50,-1,2
2.62,496,487,14345,1826,148,5,50,-1,2
2.74,479,486,11443,2703,174,9,50,-1,2
3.38,510,533,12751,2025,152,4,50,-1,2
3.03,423,450,11559,1008,119,6,50,-1,2
2.86,462,526,15693,1065,141,8,50,-1,2
2.31,379,383,10196,1681,109,4,50,-1,2
1.84,436,468,11101,1700,139,6,50,-1,2
4.34,531,541,15757,1528,250,9,50,-1,2
3.27,511,508,13512,2124,192,9,50,-1,2
2.6,407,433,11425,905,118,8,50,-1,2
2.4,438,443,10909,1705,137,4,50,-1,2
1.96,414,406,10165,725,120,7,50,-1,2
3.5,449,480,14752,1013,140,5,50,-1,2
2.98,405,442,12895,1095,119,2,50,-1,2
6.32,642,619,21154,3986,232,20,50,-1,2
4.1,511,526,17516,2218,200,11,50,-1,2
2.24,422,450,11564,1198,106,5,50,-1,2
3.15,460,459,13012,1523,133,7,50,-1,2
3.01,542,494,13336,2488,197,4,50,-1,2
2.56,547,649,13397,4025,221,3,50,-1,2
2.39,536,522,15421,2134,185,9,50,-1,2
4.23,586,497,12714,3171,206,4,50,-1,2
3.16,447,438,10450,1822,134,9,50,-1,2
2.07,489,468,11568,2705,160,6,50,-1,2
2.78,547,563,16726,1848,199,7,50,-1,2
2.52,408,443,12284,800,120,6,50,-1,2
2.53,445,482,13625,1173,192,7,50,-1,2
2.21,385,428,10211,1104,129,7,50,-1,2
2.71,438,448,8720,1623,154,6,50,-1,2
3.7,470,500,13434,1526,182,4,50,-1,2
2.23,418,466,13196,1031,145,6,50,-1,2
2.2,431,448,10940,1285,148,5,50,-1,2
2.72,461,418,9404,1711,129,9,50,-1,2
3.99,451,394,9515,883,70,4,50,-1,2
2.72,402,435,11599,895,114,4,50,-1,2
7.24,495,367,5775,1475,39,3,50,-1,2
3.5,536,522,15978,1528,146,6,50,-1,2
2.83,436,447,11516,1371,133,8,50,-1,2
2.25,459,456,13353,1206,163,6,50,-1,2
2.51,403,370,8322,960,93,2,50,-1,2
2.4,477,498,14346,1172,145,2,50,-1,2
1.79,403,438,10463,928,125,4,50,-1,2
2.67,502,522,14082,1929,197,6,50,-1,2
2.79,371,397,9866,867,104,10,50,-1,2
2.36,533,540,10808,1856,208,9,50,-1,2
2.58,448,453,13848,1442,144,2,50,-1,2
3.24,451,464,12400,1641,174,8,50,-1,2
2.61,404,435,13623,917,119,3,50,-1,2
2.69,466,486,12745,1351,162,7,50,-1,2
3.16,524,567,11170,3389,204,4,50,-1,2
2.6,468,479,14035,1608,151,3,50,-1,2
3.21,432,467,12783,1626,132,5,50,-1,2
3.49,485,499,13235,1699,160,8,50,-1,2
1.99,388,395,10188,915,118,7,50,-1,2
1.72,448,473,13628,1843,153,13,50,-1,2
2.53,383,423,12846,776,95,1,50,-1,2
1.94,395,414,9921,847,131,4,50,-1,2
2.76,485,530,14438,1478,169,7,50,-1,2
3.06,469,512,15244,1599,134,5,50,-1,2
1.55,432,450,11555,1077,141,6,50,-1,2
1.8,345,364,9453,530,72,2,50,-1,2
2.41,417,436,12922,1385,125,2,50,-1,2
3.68,518,518,13977,2932,212,13,50,-1,2
3.15,386,419,10479,978,84,3,50,-1,2
2.87,450,452,12712,1074,138,6,50,-1,2
2.57,437,455,10400,1205,145,5,50,-1,2
2.85,513,556,16126,1763,199,5,50,-1,2
1.82,332,353,7675,454,67,3,50,-1,2
2.87,406,430,12425,865,101,4,50,-1,2
2.14,344,372,10395,526,86,2,50,-1,2
2.32,465,455,12602,1757,175,8,50,-1,2
2.5,457,467,15678,1712,155,6,50,-1,2
1.71,411,446,10242,631,148,2,50,-1,2
7.1,563,605,20344,2273,161,10,50,-1,2
3.09,415,449,12462,935,132,10,50,-1,2
2.98,460,469,15945,835,165,3,14,-1,2
2.93,476,496,10899,1716,176,6,50,-1,2
2.69,430,469,11638,1217,148,3,50,-1,2
2.84,481,496,15857,1852,184,10,50,-1,2
2.57,498,514,11670,1928,176,4,50,-1,2
2.19,367,381,11039,646,89,2,50,-1,2
4.52,492,492,10365,2099,178,7,50,-1,2
2.65,408,435,10680,771,117,6,50,-1,2
4.05,416,446,13711,1056,108,3,50,-1,2
1.66,337,366,7155,601,97,5,50,-1,2
1.7,334,321,11370,519,72,4,50,-1,2
2.8,415,446,15426,668,79,3,50,-1,2
2.37,429,448,13662,677,142,6,50,-1,2
2.41,419,449,13662,827,123,5,50,-1,2
2.8,436,458,13165,1549,146,6,50,-1,2
2.81,482,504,13176,2172,177,7,50,-1,2
2.63,386,412,14363,874,89,6,50,-1,2
3.39,516,548,15537,1914,157,12,50,-1,2
2.47,464,471,10009,1875,194,6,50,-1,2
1.74,278,294,6799,294,32,2,50,-1,2
5.06,519,554,15249,1638,117,0,50,-1,2
13.62,645,651,17356,2089,118,2,50,-1,2
2.59,484,493,13685,1854,170,5,50,-1,2
2.84,468,497,11564,1788,166,7,50,-1,2
3.05,487,497,12387,1643,161,8,50,-1,2
2.99,394,443,10839,1014,117,5,50,-1,2
2.97,363,387,10225,462,62,4,50,-1,2
2.25,394,415,9921,1186,124,5,50,-1,2
3.34,518,518,16040,1964,181,6,50,-1,2
2.43,419,422,10536,1250,135,6,50,-1,2
1.37,319,347,7514,684,77,1,50,-1,2
2.5,488,502,14970,2394,152,4,50,-1,2
2.46,468,472,14680,1517,162,6,50,-1,2
1.8,379,417,7893,1101,118,7,50,-1,2
3.74,509,509,15846,2196,221,14,50,-1,2
1.71,431,462,10843,2500,151,2,50,-1,2
3.34,518,547,16635,1670,153,10,42,-1,2
2.81,468,503,12221,1128,144,4,50,-1,2
2.28,424,419,9706,1174,101,4,50,-1,2
2.93,740,888,15123,6147,297,1,50,-1,2
4.61,600,630,20510,2523,230,8,50,-1,2
2.41,390,417,12065,316,71,5,50,-1,2
2.79,609,616,18130,1754,294,4,50,-1,2
2.63,429,441,13499,729,113,8,50,-1,2
2.87,561,589,15851,2033,208,5,34,-1,2
2.42,454,466,9449,1122,117,5,50,-1,2
2.73,432,477,12209,1467,139,6,50,-1,2
3.29,490,512,11414,1909,189,2,50,-1,2
2.7,472,504,14844,1539,148,13,50,-1,2
2.15,290,306,6182,327,33,3,50,-1,2
2.52,426,475,12303,1300,120,7,50,-1,2
3.2,466,504,14997,1745,119,4,50,-1,2
2.45,441,467,14224,1301,112,4,50,-1,2
2.02,416,443,12641,1320,127,2,50,-1,2
2.49,437,440,12594,1912,114,6,50,-1,2
2.77,470,506,10882,1216,170,3,50,-1,2
3.66,410,447,14162,1365,114,2,50,-1,2
2.9,429,435,11927,1043,144,3,50,-1,2
2.98,445,476,12784,1083,115,3,50,-1,2
2.83,443,498,14848,1254,119,6,50,-1,2
4.66,480,512,14131,1490,146,3,50,-1,2
3.59,456,489,16096,1168,141,7,50,-1,2
2.58,406,437,11772,1454,120,4,50,-1,2
2.68,546,576,15574,1772,210,4,50,-1,2
2.2,415,446,9164,944,137,3,50,-1,2
2.63,398,455,11860,701,110,2,50,-1,2
2.73,420,471,11423,967,126,13,50,-1,2
3.61,552,567,12426,2289,238,3,44,-1,2
2.25,383,417,9362,655,94,4,50,-1,2
2.95,468,491,12913,1325,162,7,50,-1,2
3.54,441,466,9608,1840,147,2,50,-1,2
2.02,413,455,11881,410,118,2,50,-1,2
2.53,521,566,11901,1242,235,7,50,-1,2
2.56,537,535,13528,2031,226,5,50,-1,2
2.56,422,450,12293,1588,132,4,50,-1,2
3.73,442,508,15704,672,100,3,10,-1,2
2.92,464,473,11728,1708,175,9,50,-1,2
4.14,511,535,14077,2284,156,4,20,-1,2
2.43,470,504,16386,1350,164,10,26,-1,2
3.05,532,546,14916,2421,210,7,50,-1,2
3.24,462,482,13734,1994,136,8,26,-1,2
3.1,481,494,12589,2756,197,9,50,-1,2
2.61,435,414,13788,1111,110,3,50,-1,2
2.28,377,417,11466,767,105,2,50,-1,2
3.23,393,423,12292,646,92,2,50,-1,2
3.13,389,417,8746,747,93,2,50,-1,2
3.06,437,477,11087,1019,137,3,50,-1,2
2.45,368,384,8973,692,94,4,50,-1,2
3.2,488,458,11564,1640,147,3,50,-1,2
2.43,457,446,13136,1096,129,4,50,-1,2
3.06,532,523,13486,1819,166,9,50,-1,2
3.94,519,519,13527,1806,134,6,50,-1,2
3.45,441,469,11956,1241,146,9,50,-1,2
4.02,530,522,14510,3270,210,14,50,-1,2
4.47,519,518,9196,1516,130,9,50,-1,2
2.95,468,480,14212,1451,148,5,50,-1,2
1.56,385,419,7023,555,146,10,50,-1,2
2.54,471,510,15898,1706,145,8,50,-1,2
2.26,438,483,13148,1450,132,6,50,-1,2
2.61,442,481,13155,1160,134,5,50,-1,2
3.78,469,509,14719,1580,146,9,50,-1,2
2.0,459,460,10183,1497,139,4,50,-1,2
2.3,410,447,9750,1316,124,3,50,-1,2
2.26,349,376,12132,601,83,6,50,-1,2
3.83,482,458,10521,2045,155,5,50,-1,2
2.55,446,456,12654,1924,121,4,50,-1,2
5.11,530,529,10347,3651,229,11,50,-1,2
2.91,598,584,19042,2434,213,10,50,-1,2
2.57,416,452,12718,924,127,6,50,-1,2
2.21,451,499,15550,1174,169,7,50,-1,2
2.61,396,405,11076,780,69,3,50,-1,2
2.21,412,404,11633,1171,84,3,50,-1,2
3.43,497,518,13621,2155,163,2,50,-1,2
2.8,497,540,17284,1859,163,6,50,-1,2
2.85,433,469,12761,1029,138,1,50,-1,2
2.05,456,447,9180,2153,141,7,50,-1,2
2.28,345,345,7206,497,75,4,50,-1,2
2.97,518,487,15419,1920,143,7,50,-1,2
3.52,468,465,10663,2063,162,7,50,-1,2
2.75,371,370,9057,866,80,3,50,-1,2
2.76,358,365,9472,1115,85,5,50,-1,2
3.54,469,488,13598,1629,147,5,50,-1,2
3.14,451,448,11079,1706,142,2,50,-1,2
1.84,325,330,6635,579,68,1,50,-1,2
1.81,444,453,9669,2113,155,8,50,-1,2
2.8,468,491,11446,1390,133,3,50,-1,2
2.73,458,470,10836,1854,157,6,50,-1,2
3.15,449,496,13536,1489,158,7,50,-1,2
2.33,398,438,11704,916,114,3,50,-1,2
3.11,472,505,11927,1991,169,12,50,-1,2
3.51,490,462,12073,1369,115,4,50,-1,2
4.58,512,527,15554,2268,196,11,50,-1,2
2.78,387,406,12287,1017,134,2,50,-1,2
3.22,439,474,12388,1616,151,10,50,-1,2
2.83,412,445,10862,1310,145,6,50,-1,2
2.78,420,432,11726,1248,107,4,50,-1,2
2.09,393,444,10789,583,122,4,50,-1,2
2.66,416,438,13132,899,109,4,50,-1,2
2.51,478,493,14457,1739,181,6,50,-1,2
3.33,512,532,15480,2367,220,7,50,-1,2
2.93,481,509,14303,1451,149,3,50,-1,2
3.34,342,350,8664,940,68,4,50,-1,2
2.38,408,430,12063,1675,124,5,50,-1,2
2.31,425,452,13502,1270,139,6,50,-1,2
2.47,503,476,15231,2352,215,5,50,-1,2
3.67,536,550,13696,2895,226,2,50,-1,2
2.73,517,542,17340,2766,149,3,50,-1,2
2.62,461,491,12218,1876,140,4,50,-1,2
3.3,549,562,19048,2281,213,5,50,-1,2
2.05,512,565,15328,1547,170,2,32,-1,2
2.87,536,564,13696,2455,190,3,50,-1,2
2.83,534,572,12097,1289,160,6,25,-1,2
3.15,535,546,16045,2138,212,6,50,-1,2
1.99,405,435,10249,1463,135,4,50,-1,2
2.32,413,428,11002,1208,121,5,50,-1,2
2.66,510,534,14747,1808,176,6,50,-1,2
2.5,447,466,12715,1652,145,2,50,-1,2
2.55,464,460,12784,1443,118,4,50,-1,2
2.36,423,441,12565,1218,127,4,50,-1,2
3.14,541,535,14345,2931,216,4,50,-1,2
2.34,344,371,9793,663,84,6,50,-1,2
1.94,409,454,12963,1124,143,3,50,-1,2
3.29,464,502,13306,1857,162,6,50,-1,2
2.11,443,438,13208,1680,136,3,50,-1,2
2.01,412,437,11017,781,131,3,50,-1,2
2.67,448,478,11758,2392,114,9,50,-1,2
2.99,398,454,12157,1213,93,4,50,-1,2
3.92,495,547,16352,2290,159,9,50,-1,2
2.33,422,453,11022,1150,109,4,50,-1,2
2.19,423,449,11056,1500,134,4,50,-1,2
1.55,269,274,5597,346,31,2,50,-1,2
2.86,446,455,10958,1712,134,6,50,-1,2
2.61,460,478,14014,1682,145,7,50,-1,2
2.53,398,404,11118,1114,97,6,50,-1,2
4.03,547,580,15738,2252,195,14,50,-1,2
3.02,453,474,13197,1245,169,5,50,-1,2
3.27,550,567,18073,2479,194,14,50,-1,2
2.34,447,477,14292,1161,151,3,50,-1,2
3.14,461,506,15723,1337,161,7,50,-1,2
3.18,457,492,15073,1407,135,7,50,-1,2
2.92,483,491,14992,1244,178,7,50,-1,2
2.96,441,448,11743,1404,164,9,50,-1,2
3.51,594,600,16726,3360,207,17,50,-1,2
2.41,425,430,11402,1598,122,8,50,-1,2
3.59,457,477,9294,1434,171,4,50,-1,2
2.2,422,433,12226,1216,120,5,50,-1,2
3.27,542,528,17249,2816,162,3,50,-1,2
1.94,399,424,10568,768,101,3,50,-1,2
2.81,478,494,14729,1409,149,4,50,-1,2
5.44,493,525,14307,1665,132,6,50,-1,2
3.04,495,501,15889,1883,163,11,50,-1,2
2.86,450,469,11596,1549,140,14,50,-1,2
2.84,544,550,13124,2246,222,13,50,-1,2
2.35,377,389,13612,636,49,2,50,-1,2
2.25,596,600,14893,2711,229,16,50,-1,2
3.04,486,510,14319,1315,186,7,50,-1,2
4.14,507,503,14443,2236,154,7,50,-1,2
4.23,505,503,11675,2221,202,11,50,-1,2
3.28,568,577,15741,2019,204,8,50,-1,2
2.79,162,167,4595,484,72,1,50,-1,2
1.93,378,381,9709,1002,112,4,50,-1,2
3.15,482,520,14103,1593,191,7,50,-1,2
2.27,444,477,12405,1447,162,4,50,-1,2
2.69,414,444,11663,1286,134,7,50,-1,2
8.42,504,539,14513,1201,110,6,50,-1,2
2.07,466,481,12684,2339,158,7,50,-1,2
3.29,400,423,15396,507,112,1,50,-1,2
2.88,484,518,18768,1354,136,5,50,-1,2
2.27,443,450,10157,1090,158,12,50,-1,2
3.36,495,497,12892,2142,161,5,50,-1,2
3.71,485,500,12569,1670,164,7,50,-1,2
3.47,441,461,12072,1207,159,9,50,-1,2
2.26,367,395,9363,565,74,5,50,-1,2
4.0,481,503,15081,2271,186,5,50,-1,2
1.74,455,470,12638,1321,168,3,50,-1,2
3.23,409,447,12974,1724,120,7,50,-1,2
2.4,385,397,9517,1244,107,6,50,-1,2
2.81,345,395,10158,802,89,3,50,-1,2
3.64,563,587,18266,2224,213,8,50,-1,2
2.1,405,424,10251,1141,117,3,50,-1,2
2.33,399,420,11311,784,120,5,50,-1,2
2.46,457,484,9260,2126,164,3,50,-1,2
2.85,462,495,14683,1189,141,3,50,-1,2
4.55,466,477,15044,1632,125,5,50,-1,2
1.77,352,382,9215,816,100,4,50,-1,2
2.8,486,481,14345,1984,173,14,50,-1,2
3.9,543,572,18333,2651,178,11,50,-1,2
2.62,405,437,11612,1133,123,5,50,-1,2
