2.09,436,441,11222,767,133,3,50,0
2.56,344,280,7025,460,61,4,50,0
5.79,421,276,8142,364,31,1,50,0
1.69,365,369,8740,646,84,2,50,0
2.03,397,404,10056,932,118,1,50,0
3.37,534,519,20868,2720,178,3,50,0
2.27,353,342,8909,698,86,2,50,0
3.09,460,512,14336,1235,161,5,50,0
2.66,443,469,11831,1886,157,2,50,0
1.54,367,373,9310,968,94,3,50,0
2.2,449,493,13635,1101,129,3,50,0
2.29,391,287,5193,621,59,3,50,0
2.07,353,296,6316,579,75,3,50,0
5.39,461,426,8730,1283,116,6,50,0
2.24,413,322,6610,1139,86,5,50,0
2.75,411,413,10204,1033,111,5,50,0
3.52,403,329,8835,1103,77,4,50,0
2.08,395,386,10457,878,112,5,50,0
2.27,418,276,6030,513,54,2,50,0
2.48,403,474,11970,1071,145,3,50,0
3.12,422,471,14624,985,100,9,50,0
4.17,475,533,15840,1873,153,9,50,0
2.71,413,415,11531,1799,126,4,50,0
1.73,373,316,6440,1293,76,4,50,0
2.97,411,314,7093,946,82,3,50,0
1.82,425,264,5060,673,55,3,50,0
3.04,448,419,10877,1323,159,3,50,0
4.55,449,406,7734,1526,139,5,50,0
2.19,381,444,12103,540,105,3,50,0
1.94,343,399,8642,805,77,3,50,0
2.4,415,481,12809,920,102,3,50,0
1.94,374,383,9890,767,65,2,50,0
2.36,312,66,725,461,4,0,50,0
2.39,360,294,5808,623,65,2,50,0
2.49,433,405,10534,1240,143,4,50,0
1.92,379,216,3337,484,35,1,50,0
1.22,335,291,4897,678,75,2,50,0
2.08,387,401,8170,1172,132,6,50,0
0.77,270,154,1137,265,12,0,50,0
2.38,446,481,15015,1340,110,1,50,0
2.86,417,427,11439,697,132,4,50,0
1.78,426,420,9391,1333,151,1,50,0
1.85,416,441,10968,1046,137,4,50,0
4.78,566,589,15760,5409,226,4,50,0
4.35,498,526,12725,1820,154,4,50,0
2.29,387,405,11869,1341,105,1,50,0
1.75,353,377,7468,1163,89,0,50,0
5.78,442,489,15161,1434,112,3,50,0
2.57,354,393,8871,973,80,4,50,0
2.78,441,476,10664,1958,170,6,50,0
3.72,426,460,13372,1136,111,5,50,0
3.84,477,492,13844,1602,169,6,50,0
3.39,502,537,13067,2062,196,3,50,0
2.87,342,396,10317,569,93,1,50,0
5.61,431,455,10544,1473,141,8,50,0
2.29,399,436,9326,1262,127,6,50,0
3.43,442,504,15191,1183,139,7,50,0
1.84,413,465,11531,977,122,1,50,0
1.28,374,272,4438,441,31,0,50,0
2.19,354,353,9348,911,70,2,50,0
1.22,334,214,3275,568,23,0,50,0
2.38,452,397,10352,1106,90,2,50,0
2.7,415,460,12108,1090,144,8,50,0
2.22,447,484,12198,1173,158,3,50,0
2.47,427,317,7276,985,68,1,50,0
2.3,491,312,9367,985,47,0,50,0
2.53,481,521,13372,1667,204,5,50,0
2.85,471,497,12014,2546,172,2,50,0
2.52,363,404,8963,528,91,1,50,0
2.84,426,338,7348,1974,109,2,50,0
3.06,412,407,11063,1287,114,4,50,0
2.17,446,309,4844,1035,72,1,50,0
2.89,393,412,10898,1058,119,7,50,0
4.24,509,474,12168,2665,127,10,50,0
3.85,401,295,5316,1332,72,2,50,0
2.06,360,238,4502,831,50,1,50,0
2.16,411,277,2738,530,47,1,50,0
2.86,445,309,4939,599,52,1,50,0
2.41,342,415,9450,680,76,6,50,0
3.47,500,513,16194,1087,139,9,50,0
1.68,340,349,9115,881,78,2,50,0
2.09,384,420,13221,1018,81,4,50,0
2.65,424,403,5578,560,41,2,50,0
2.16,401,441,9592,749,138,8,50,0
3.89,468,522,16287,1872,130,5,50,0
2.45,365,410,10273,767,101,3,50,0
2.21,344,374,10282,914,75,2,50,0
1.9,406,445,10497,1193,138,4,50,0
2.41,428,474,11741,1525,131,5,50,0
2.52,383,401,10194,1124,82,4,50,0
2.38,386,438,10883,1134,90,2,50,0
3.04,424,461,13562,578,118,9,50,0
3.82,474,491,11704,1067,184,6,50,0
2.8,410,453,10465,1252,130,4,50,0
2.19,393,476,13804,1027,105,1,50,0
1.79,435,291,8076,420,49,0,50,0
2.66,898,326,8985,1050,12,0,50,0
3.38,435,355,9320,717,73,2,50,0
2.64,443,431,16162,437,110,2,50,0
3.98,423,478,12071,1736,160,7,50,0
2.31,424,459,12669,916,129,2,50,0
1.98,433,440,11998,1242,147,5,50,0
2.59,387,441,11143,1191,121,11,50,0
2.33,404,439,12203,1105,122,1,50,0
3.58,392,453,11501,556,138,4,50,0
3.04,443,496,13172,949,136,5,50,0
2.82,362,349,7808,760,49,5,50,0
3.35,365,416,10190,1535,113,9,15,0
2.5,135,146,3770,676,43,1,50,0
4.7,519,527,17695,2130,162,4,50,0
3.81,416,436,9775,1233,123,3,50,0
2.31,370,424,12515,1235,106,4,50,0
2.6,385,421,10665,782,76,5,50,0
2.19,402,440,14087,893,92,1,50,0
2.52,381,423,9991,1314,109,5,50,0
2.6,363,385,9842,1183,92,2,50,0
2.41,358,383,11401,1033,88,9,50,0
3.07,442,474,14028,1359,127,3,50,0
3.15,494,513,11298,1691,181,4,50,0
2.79,503,526,15884,2317,183,6,50,0
1.04,400,144,3617,399,7,0,50,0
2.95,442,309,6673,906,74,1,50,0
2.34,410,350,10303,1048,82,0,50,0
2.64,480,433,15122,1036,104,2,50,0
2.81,399,432,9389,1886,130,7,50,0
1.92,362,383,8573,553,94,3,50,0
2.54,396,432,11463,1158,113,3,50,0
2.15,403,437,12037,1194,132,6,50,0
2.15,359,402,8943,1207,106,4,50,0
1.6,361,381,12373,937,96,1,50,0
2.03,490,541,18650,3391,117,2,50,0
2.52,339,397,9929,720,83,2,28,0
1.55,444,341,7514,862,97,1,50,0
3.64,341,333,12802,328,56,1,50,0
2.84,379,368,7846,1078,101,3,50,0
2.47,385,363,6500,886,77,4,50,0
1.52,357,278,3995,863,65,3,50,0
1.88,472,454,13584,1291,141,3,50,0
2.93,471,485,11107,1342,147,5,50,0
2.99,450,379,11464,1212,114,2,50,0
2.48,370,356,8390,871,85,1,50,0
3.2,391,368,8126,1003,94,5,50,0
2.39,399,384,9676,904,118,3,50,0
2.8,432,322,6375,730,74,3,50,0
3.06,435,419,10428,1581,135,5,50,0
2.79,426,372,9606,1139,108,4,50,0
2.29,356,312,7185,334,58,2,50,0
2.52,380,356,9766,768,86,4,50,0
4.23,632,650,20174,2354,248,7,50,0
2.15,401,444,12223,505,150,4,50,0
2.47,418,441,14027,1088,112,7,50,0
2.43,514,551,15301,2537,234,8,50,0
0.83,309,464,3723,73,38,5,5,0
2.56,401,450,10778,1226,107,1,42,0
1.95,411,428,9644,1609,114,4,6,0
2.4,427,460,11999,1611,144,4,50,0
3.79,435,482,13934,1521,150,4,50,0
2.91,437,454,10598,1329,136,5,50,0
2.82,457,487,13157,1446,159,8,50,0
2.23,361,382,8448,922,96,7,50,0
2.45,411,431,11145,1285,138,9,50,0
2.61,506,496,12255,1237,170,8,50,1
0.0,101,0,0,0,0,0,50,1
3.31,845,130,1763,982,5,0,50,1
0.0,704,80,0,0,3,0,50,1
0.0,694,84,0,0,3,0,50,1
1.2,376,170,4763,666,17,0,50,1
2.78,412,354,7054,1170,73,1,50,1
2.87,401,363,8382,818,89,6,50,1
3.06,492,369,9877,1060,82,4,50,1
2.56,473,488,8279,604,112,9,50,1
1.92,410,433,10515,1317,110,4,50,1
3.03,376,404,10936,790,98,3,50,1
2.78,530,508,12088,2962,173,6,50,1
6.27,530,538,15757,1759,177,7,50,1
1.67,413,410,9166,2265,161,4,50,1
2.44,396,423,10232,1044,120,5,50,1
1.46,308,323,7137,241,53,2,50,1
2.46,464,376,5845,1093,114,2,50,1
2.23,411,408,9370,1044,125,8,50,1
2.76,417,413,11891,2051,117,2,50,1
2.7,394,369,9368,717,54,2,50,1
1.76,388,355,8190,673,80,3,50,1
2.54,417,229,5777,654,27,0,50,1
1.74,386,364,7453,572,94,3,50,1
2.39,398,442,15261,716,89,4,50,1
3.38,394,417,12371,899,127,5,50,1
4.68,551,581,17951,2444,203,10,50,1
2.44,454,483,10808,1652,143,6,50,1
3.46,536,602,16293,2049,200,9,50,1
2.85,426,459,13540,1469,157,5,50,1
1.97,365,381,7786,816,111,3,50,1
2.65,471,524,12160,1733,197,6,50,1
2.34,414,430,12769,1469,150,9,50,1
2.76,524,538,13095,2269,191,12,50,1
2.67,475,449,10854,1609,137,5,50,1
2.03,394,440,9236,961,134,3,50,1
3.62,444,433,12456,1774,154,5,50,1
2.25,391,425,10761,651,116,5,50,1
4.15,580,564,13144,2720,212,4,50,1
2.34,468,526,12000,1812,161,9,13,1
2.26,427,431,9477,1491,145,4,50,1
2.77,490,490,10594,2093,184,8,50,1
2.97,444,470,12088,1433,155,3,50,1
2.83,429,439,10545,1222,112,4,50,1
2.49,400,432,12669,1487,99,3,50,1
2.21,414,453,12235,974,135,3,50,1
4.3,547,531,18590,2396,138,12,50,1
4.57,605,643,24126,2686,204,7,50,1
3.3,401,432,8037,221,109,5,50,1
2.37,472,489,11964,1607,139,5,50,1
2.55,483,534,13915,1542,183,3,50,1
2.41,433,485,12212,1759,101,3,34,1
1.87,438,460,10582,1659,159,5,50,1
2.9,485,518,14953,1453,138,1,50,1
2.97,455,482,15875,1619,148,9,50,1
2.76,489,513,14092,1592,168,4,50,1
2.76,469,497,14296,1614,148,5,50,1
2.55,398,424,11057,1515,129,4,50,1
2.2,411,432,11590,1316,164,7,50,1
2.09,64,73,1926,72,14,0,50,1
2.18,504,507,12008,1517,200,7,50,1
2.63,425,430,12053,1263,103,5,50,1
3.1,440,461,11532,1375,132,7,50,1
2.87,449,480,11601,1446,135,6,50,1
2.23,403,431,11269,1197,147,6,50,1
3.96,511,531,15457,1737,192,7,50,1
3.51,460,489,14097,1291,126,3,50,1
2.69,405,436,11667,1167,118,7,50,1
8.26,496,469,11884,1008,66,1,50,1
3.03,465,510,15036,1179,141,2,50,1
1.95,425,435,11837,1443,142,3,50,1
2.69,395,450,12261,943,130,4,50,1
2.79,395,384,9148,1083,108,6,50,1
2.52,353,381,11716,615,101,5,50,1
2.32,424,475,13605,1356,136,3,50,1
2.59,469,494,10370,2262,170,6,50,1
2.62,464,490,14845,1852,152,5,50,1
2.88,408,462,14314,1175,126,3,50,1
3.5,415,461,12049,1220,143,4,50,1
3.03,461,472,12741,2257,132,6,50,1
3.72,528,567,13731,2272,201,10,50,1
2.41,438,470,10582,2096,167,4,50,1
3.26,491,519,15362,1822,181,6,50,1
2.16,346,352,10401,988,86,2,50,1
3.46,477,509,13527,2141,186,6,50,1
2.88,536,560,15048,2931,207,11,50,1
2.94,488,528,16144,2227,181,11,50,1
3.5,427,453,11457,1022,114,7,50,1
3.37,476,497,12901,2014,167,8,31,1
2.15,419,478,11596,1043,140,2,50,1
3.29,438,476,12967,1146,166,11,50,1
4.03,491,534,15790,1402,154,5,24,1
1.68,471,500,10533,4097,177,0,50,1
1.97,338,358,10020,617,102,5,50,1
2.89,458,479,12315,1663,143,7,50,1
1.96,504,515,10711,2865,236,6,50,1
2.38,440,485,11203,1547,162,4,50,1
2.5,398,413,11171,937,117,2,50,1
2.8,468,498,12918,1593,160,8,50,1
2.47,400,433,10812,1136,125,4,50,1
1.54,386,390,8551,1143,117,1,50,1
3.38,451,514,19920,1333,173,5,50,1
2.6,398,411,10025,1176,105,1,50,1
4.14,516,535,16730,2361,177,6,50,1
3.62,507,542,14299,1478,200,8,50,1
2.54,523,555,14025,2697,197,13,50,1
2.33,381,424,13166,836,100,3,50,1
2.67,469,506,13812,1360,170,13,50,1
4.41,506,559,16491,1423,118,5,50,1
2.26,428,467,11427,1677,146,7,50,1
1.92,359,363,11069,738,86,3,50,1
2.22,351,365,10181,758,101,1,50,1
2.81,455,476,13002,2317,165,4,50,1
2.69,490,537,16898,1461,152,1,50,1
3.54,524,535,17999,2218,186,10,50,1
2.7,378,420,9822,1017,116,5,50,1
4.05,490,530,14521,1976,186,10,50,1
2.26,414,452,11663,1316,128,4,50,1
3.55,448,469,12580,1826,177,4,50,1
3.9,455,487,11957,1410,122,4,50,1
2.6,348,423,9758,710,91,4,50,1
3.49,549,576,9251,1645,131,8,50,1
3.94,523,558,18203,2021,133,4,50,1
3.52,505,520,13717,1933,125,6,50,1
2.22,387,412,12074,796,95,2,50,1
2.87,370,397,9010,638,86,3,50,1
2.7,526,547,14272,2397,222,6,50,1
1.93,367,380,10228,747,110,3,50,1
2.31,401,437,12687,1172,124,2,50,1
2.34,382,393,10763,1005,107,2,50,1
1.93,395,414,10947,1081,112,5,50,1
1.88,352,376,10193,916,88,3,50,1
2.37,380,433,10209,709,115,5,50,1
3.03,488,493,12229,1964,157,4,50,1
3.45,486,480,10688,1641,152,6,50,1
3.43,520,544,16471,2208,196,7,50,1
2.07,412,494,10365,1126,120,1,50,1
1.69,337,331,8238,725,61,4,50,1
2.24,195,222,5961,239,49,1,50,1
2.36,495,515,17187,2051,141,8,50,1
2.78,476,507,14051,1707,185,7,50,1
2.56,439,475,13634,1009,146,5,50,1
3.03,484,502,15210,1740,161,10,50,1
2.8,410,453,10465,1252,130,4,50,1
5.05,545,477,8429,1232,105,11,50,1
2.52,423,451,10491,1128,153,6,50,1
2.85,449,483,14379,1944,181,7,50,1
2.53,376,402,9394,1377,120,1,50,1
2.52,382,414,9159,1354,124,4,50,1
2.82,325,389,11015,572,82,5,50,1
3.2,414,438,13592,1615,139,2,50,1
3.42,551,569,16845,2312,268,9,50,1
2.58,298,348,7168,514,49,2,50,1
2.55,442,472,13193,1251,132,3,50,1
2.83,368,400,10511,903,112,2,50,1
2.53,422,437,12195,2351,142,5,50,1
2.19,287,315,6082,658,40,3,50,1
3.47,448,497,15373,1902,150,10,50,1
3.06,413,480,14382,1405,151,3,50,1
12.13,703,714,18757,1726,145,5,50,1
4.71,494,514,11872,1649,88,1,50,1
3.03,406,434,9629,772,113,4,50,1
8.95,489,556,12895,1000,73,6,50,1
2.41,390,421,11092,1008,85,4,50,1
2.04,337,370,7810,524,84,3,50,1
2.76,384,419,10984,975,111,9,50,1
2.52,421,445,11940,1254,118,4,50,1
3.44,538,545,12245,2792,196,5,50,1
2.78,366,384,9280,845,72,3,50,1
2.47,363,380,10316,715,99,7,50,1
2.92,485,506,17326,1864,181,6,50,1
2.4,453,483,13162,1450,145,7,50,1
2.81,413,447,12041,1237,130,5,50,1
2.25,447,494,13369,1239,149,8,50,1
2.45,387,416,10115,991,101,6,50,1
2.55,440,471,11936,2224,143,2,50,1
3.32,423,449,10487,1478,131,6,50,1
2.02,383,405,9971,802,131,6,50,1
2.4,488,516,14766,1944,188,4,50,1
2.39,426,430,13292,982,138,7,50,1
2.44,435,473,13472,1823,148,4,50,1
2.2,341,361,8491,386,69,3,50,1
2.5,495,552,13492,1416,173,1,50,1
2.59,425,457,12810,1067,127,6,50,1
2.74,340,374,7466,486,70,2,50,1
2.45,412,404,10265,1336,112,4,50,1
3.13,452,477,10716,2276,174,7,50,1
2.79,444,438,11258,1101,128,5,50,1
2.76,466,501,13845,1965,165,4,50,1
1.97,382,386,10890,910,114,2,50,1
2.28,430,465,15353,1494,119,5,50,1
2.65,491,513,14177,2267,177,4,50,1
1.85,389,407,7726,1765,154,3,50,1
2.57,463,494,12132,1307,154,4,50,1
2.37,405,466,12232,1219,134,6,50,1
3.04,413,447,9547,1566,149,6,50,1
2.41,435,482,14667,1615,159,5,50,1
3.48,481,514,13163,1989,159,4,50,1
2.28,448,452,11602,1035,154,2,19,1
3.83,460,511,12838,1388,146,3,50,1
3.26,471,451,9098,988,151,5,50,1
2.96,416,437,11020,788,109,8,50,1
3.23,432,453,12772,1592,164,5,50,1
2.11,472,510,13292,2415,148,14,50,1
3.07,398,442,9049,804,138,3,50,1
3.16,435,453,11855,1727,144,10,50,1
2.78,454,486,13102,1410,171,3,50,1
4.4,584,554,15770,2986,153,8,50,1
2.55,356,365,11808,682,67,2,50,1
2.81,550,522,13605,1804,206,4,50,1
2.33,354,398,11441,688,88,4,50,1
2.44,479,497,12970,1938,183,11,50,1
2.85,439,486,11770,1191,139,7,50,1
2.41,368,378,10358,1015,84,2,50,1
2.97,440,465,12708,1488,179,5,50,1
2.22,447,457,10579,1357,156,8,50,1
2.59,428,465,12465,1367,164,6,50,1
2.1,363,379,7359,827,95,6,50,1
1.91,70,80,1965,169,22,0,50,1
2.62,455,511,12677,1386,159,3,50,1
2.65,462,491,15615,2171,148,14,50,1
3.88,485,511,13706,2486,144,6,50,1
2.4,421,469,11991,1177,141,3,50,1
1.4,291,330,4231,186,19,2,2,1
2.1,424,484,13286,823,117,3,50,1
2.33,388,398,9423,1470,106,4,50,1
2.64,416,428,9848,1220,108,3,50,1
2.84,355,388,9627,657,51,4,50,1
3.23,461,476,15800,1961,156,5,50,1
2.06,299,317,7171,328,42,1,50,1
4.06,392,412,11467,1534,126,3,50,1
2.48,472,491,11379,1775,205,8,26,1
3.69,497,542,12663,1185,138,7,8,1
2.12,406,443,10950,1081,143,6,46,1
3.19,499,526,13310,1768,184,8,50,1
2.67,469,552,14850,1205,172,3,16,1
2.98,405,431,9518,1475,144,6,27,1
2.27,410,423,9384,1698,123,4,50,1
2.67,419,484,14784,815,137,4,50,1
3.59,554,529,14274,2115,197,8,50,1
1.88,386,420,11766,941,122,2,50,1
2.84,416,460,13543,867,110,5,50,1
2.15,458,510,15918,1253,114,3,50,1
2.82,524,545,14531,2091,189,5,50,1
2.17,384,405,8761,1205,131,3,50,1
3.11,549,599,17150,2659,196,6,50,1
2.09,386,399,11244,996,107,2,50,1
2.83,411,448,11755,1440,117,3,50,1
2.77,392,422,10467,1443,113,6,50,1
2.76,396,420,10973,941,122,2,50,1
2.91,455,481,12559,1661,132,7,50,1
2.55,353,384,8853,549,76,2,50,1
2.13,429,481,13688,686,144,4,50,1
2.65,535,533,11747,1866,206,8,50,1
2.86,397,418,12680,1242,125,9,50,1
2.92,414,428,12034,1737,116,4,50,1
2.72,397,408,9724,754,135,5,50,1
2.71,362,400,11254,571,95,1,50,1
3.63,479,502,15015,1761,161,6,50,1
3.05,458,476,13012,1582,149,6,50,1
3.03,465,486,15756,1468,149,2,50,1
3.02,436,471,10562,1498,140,7,50,1
3.56,519,556,21700,2227,143,2,50,1
3.81,465,493,14103,2091,171,9,50,1
3.33,436,474,11691,740,154,8,50,1
2.98,502,531,11572,2084,168,3,50,1
1.48,393,444,9664,917,139,3,50,1
2.88,364,410,11352,693,78,3,50,1
2.92,495,533,12238,2587,199,5,50,1
2.23,478,494,11547,1776,157,2,50,1
3.11,365,409,9043,800,80,3,50,1
3.65,541,559,15039,1895,193,14,50,1
2.68,488,516,13534,1704,202,10,50,1
1.97,408,449,12996,775,75,1,50,1
1.42,146,149,2447,273,30,1,50,1
3.34,462,506,13914,1392,155,6,50,1
2.81,379,416,9874,883,122,5,50,1
2.49,442,475,13849,1706,154,6,50,1
2.29,379,394,8793,1117,103,4,50,1
1.9,417,464,11506,779,162,7,50,1
2.44,444,457,11045,1393,168,6,50,1
2.61,408,280,3873,1044,59,2,50,1
2.2,438,450,11520,925,145,2,50,1
3.62,391,441,10953,931,116,4,50,1
2.83,479,512,13352,1680,198,2,50,1
2.9,485,515,15457,1538,164,4,50,1
2.91,429,471,12195,1801,153,3,50,1
3.7,589,616,17839,2717,271,8,50,1
2.46,331,351,10787,623,91,5,50,1
2.27,386,444,11509,1128,127,8,50,1
3.77,338,360,8769,595,77,1,50,1
1.57,411,436,10773,1129,130,4,50,1
1.47,342,359,6875,492,74,2,50,1
2.38,486,494,12259,2567,161,7,50,1
2.28,459,485,10734,1627,184,17,50,1
3.25,420,446,10579,1074,111,7,50,1
1.93,437,379,9294,678,99,3,50,1
1.35,346,350,8971,403,68,1,50,1
3.59,480,471,11646,1350,168,0,50,1
2.66,463,501,11084,1599,152,4,50,1
2.32,302,332,7140,475,52,6,50,1
2.87,371,396,11792,1110,91,3,50,1
3.29,512,555,16944,2134,171,6,50,1
2.9,454,411,10421,991,110,7,50,1
2.56,459,498,13914,1464,153,13,50,1
2.63,394,405,10821,1150,125,9,50,1
3.68,452,488,11306,1996,136,5,50,1
2.72,436,483,10646,847,145,5,50,1
2.63,380,409,9653,1122,120,2,50,1
3.33,641,552,9669,1566,183,23,1,1
2.65,463,482,11550,1833,162,7,50,1
2.43,414,477,10822,1182,141,3,50,1
4.1,358,400,10728,577,114,4,17,1
3.47,416,444,10206,1484,135,4,38,1
2.72,404,439,10701,1285,133,8,25,1
3.44,344,350,9370,981,80,3,50,1
2.57,412,443,12328,1056,121,8,50,1
2.94,442,483,11986,1146,129,11,50,1
1.98,353,395,9144,591,87,3,50,1
2.5,409,418,11518,949,105,5,50,1
3.56,432,478,12542,1335,109,8,50,1
2.67,406,427,12066,846,115,2,50,1
2.47,438,481,13446,1057,132,6,50,1
3.07,457,465,11170,1491,149,6,50,1
2.88,463,509,12687,1391,159,6,50,1
2.11,423,443,12196,1398,136,4,50,1
2.53,421,439,12257,1620,112,6,50,1
2.51,419,450,10787,1131,129,2,50,1
3.9,445,477,12951,2255,149,5,50,1
2.73,435,468,14011,857,130,3,50,1
3.06,486,463,12076,1840,147,3,50,1
1.8,351,391,12799,382,61,1,50,1
1.89,422,454,12751,651,138,4,50,1
3.13,357,388,8980,416,69,3,50,1
2.78,413,431,11285,1078,117,5,50,1
2.87,470,503,13829,1367,184,8,50,1
2.65,377,407,8123,1130,89,6,50,1
3.07,381,432,13600,905,122,2,50,1
2.88,393,417,9317,1002,109,3,50,1
2.63,515,517,15496,1838,180,6,50,1
2.86,484,526,17021,1273,163,5,50,1
3.16,450,469,11336,1418,159,6,50,1
3.91,513,545,17876,2358,184,4,50,1
2.32,418,433,12354,1406,160,11,50,1
2.4,403,456,11371,1321,132,8,50,1
2.08,437,465,12341,1173,132,8,50,1
2.4,403,409,10863,2376,124,1,50,1
2.35,390,404,11868,1766,122,7,50,1
1.98,308,339,8795,605,53,5,50,1
2.39,458,453,12732,2171,145,4,50,1
2.32,413,448,10304,925,130,3,50,1
1.64,389,424,12797,819,106,11,50,1
2.79,402,449,9068,743,84,8,50,1
2.99,524,574,15171,2103,199,10,50,1
2.78,415,461,11566,862,114,5,50,1
2.5,386,417,10219,802,99,2,50,1
2.75,483,534,15028,1245,146,8,50,1
2.44,475,504,13112,1840,170,9,50,1
2.97,472,506,14076,2179,172,5,50,1
3.18,414,462,10289,1435,135,11,50,1
2.53,427,444,10800,1444,142,4,50,1
2.55,409,445,11875,1233,132,4,50,1
2.32,472,487,13206,1544,182,5,50,1
2.18,339,399,9726,432,73,1,50,1
3.86,547,536,17746,2383,236,7,50,1
2.24,328,369,11854,690,74,3,50,1
2.42,507,557,11689,2079,189,11,50,1
2.35,378,407,13739,772,89,5,10,1
2.67,432,443,11441,2130,122,5,34,1
2.52,422,445,11804,1340,138,6,50,1
2.64,415,393,13460,1411,124,7,50,1
3.06,440,454,12336,2781,141,8,33,1
2.67,454,500,12830,1451,141,4,31,1
2.73,363,405,11730,833,89,6,50,1
4.53,436,524,16133,957,73,5,13,1
4.38,419,437,10941,1582,126,11,50,1
5.03,436,438,16193,1407,123,3,6,1
2.28,450,483,13259,1729,168,4,50,1
2.94,419,457,11033,1335,143,8,50,1
2.36,290,298,8018,478,54,2,50,1
2.42,426,443,10642,1224,150,7,50,1
3.45,466,511,14233,1890,189,4,50,1
2.85,391,438,9558,1177,111,4,50,1
2.08,349,391,8586,961,93,4,50,1
2.41,427,444,11814,1413,130,3,50,1
2.81,521,554,15760,2126,154,5,50,1
2.47,436,478,10814,1240,153,7,50,1
2.55,574,606,15896,3222,225,6,50,1
2.81,419,479,14712,1034,119,2,50,1
2.62,481,518,14080,1660,181,5,50,1
2.43,398,436,12550,909,121,4,50,1
3.32,509,554,13568,2063,183,5,50,1
13.41,505,543,12918,1250,45,4,50,1
19.5,546,572,12879,1462,96,1,50,1
5.12,563,568,15991,2089,116,3,50,1
2.58,409,455,13839,965,124,4,50,1
2.86,507,571,15924,1629,177,4,50,1
2.85,476,491,13805,1738,181,7,50,1
2.89,499,517,11240,2128,202,3,50,1
2.13,418,462,11754,1556,156,4,50,1
2.48,401,425,11373,1385,129,11,50,1
3.23,451,438,9117,2210,182,9,50,1
2.44,398,422,10747,1579,114,4,50,1
2.54,389,428,11393,1410,132,6,50,1
2.41,437,456,12395,888,123,3,50,1
4.27,477,532,17486,1503,161,3,50,1
4.65,491,495,12986,1061,137,3,50,1
2.48,424,439,13574,1382,125,5,50,1
2.85,436,465,13529,1472,127,5,50,1
3.48,482,508,14333,2536,166,13,50,1
2.29,387,414,10658,784,109,4,50,1
1.37,292,306,6416,442,91,5,50,1
2.85,460,497,12033,1451,177,8,50,1
2.43,371,400,10165,720,98,4,50,1
3.28,375,417,10595,702,105,2,50,1
3.98,446,477,12139,1934,144,8,50,1
3.44,491,533,15596,1996,182,7,50,1
2.57,430,470,13398,1408,175,5,50,1
2.03,418,449,9859,1178,166,4,50,1
2.69,461,495,11841,1465,178,14,50,1
3.42,434,478,12843,952,151,7,50,1
3.6,392,422,10532,763,122,3,50,1
2.01,398,454,13067,865,114,3,50,1
2.69,500,527,15289,1863,187,6,50,1
2.35,414,436,10353,952,100,4,50,1
2.3,409,462,11382,905,118,5,50,1
3.11,445,488,12258,1506,159,6,50,1
4.7,433,522,17104,604,128,7,2,1
3.9,451,491,10935,785,136,1,16,1
2.77,428,477,14702,1430,132,3,11,1
3.1,415,428,13088,1787,128,2,50,1
2.35,479,499,14146,2078,165,6,50,1
3.23,455,478,12315,2193,60,1,15,1
3.23,417,452,13059,682,113,3,19,1
4.48,149,159,2834,664,47,4,47,2
2.32,455,504,12775,1548,151,3,50,2
2.67,475,449,10854,1609,137,5,50,2
2.18,448,472,10497,1715,159,4,50,2
5.05,545,477,8429,1232,105,11,50,2
2.71,599,442,9176,1183,163,2,9,2
3.36,540,395,2541,51,24,5,50,2
2.94,491,524,12839,2119,185,7,50,2
3.29,501,524,14733,1682,159,6,50,2
3.49,549,576,9251,1645,131,8,50,2
2.34,430,470,12830,1120,128,6,50,2
3.26,471,451,9098,988,151,5,50,2
2.56,446,474,11876,1520,177,7,50,2
2.91,436,470,13040,1289,147,7,50,2
3.24,576,580,15429,2678,210,5,50,2
2.63,491,503,15693,901,157,4,50,2
2.33,506,517,14073,1828,194,13,50,2
3.38,407,451,11373,1000,135,5,50,2
2.06,376,396,11053,909,109,8,50,2
2.78,367,401,8482,691,98,6,50,2
3.56,415,443,11453,1143,132,6,50,2
2.78,428,454,10849,1480,155,5,50,2
0.0,390,34,0,313,1,0,50,2
0.0,382,39,0,306,1,0,50,2
0.0,378,34,0,291,1,0,50,2
0.0,435,47,0,635,2,0,50,2
0.0,424,66,0,498,4,0,50,2
0.0,366,40,0,324,1,0,50,2
0.0,365,42,0,304,1,0,50,2
0.0,410,52,0,640,3,0,50,2
0.0,372,43,0,308,1,0,50,2
3.58,509,545,16520,2129,196,7,50,2
5.56,583,597,19085,3519,183,11,50,2
2.91,367,400,10108,933,96,3,50,2
3.96,403,433,12749,1311,118,7,50,2
2.9,497,522,14738,1679,207,11,50,2
1.98,454,479,12858,1977,183,4,50,2
3.02,421,457,9711,1581,143,4,50,2
2.23,432,470,15660,1998,163,3,50,2
2.29,398,435,12073,597,101,3,50,2
3.14,366,390,10350,776,84,4,50,2
2.04,377,423,9565,793,118,4,50,2
2.75,503,548,13227,1648,178,3,50,2
2.36,395,382,10780,924,92,2,50,2
3.39,541,554,15738,2344,195,5,50,2
3.02,477,485,14081,1620,184,5,50,2
3.03,481,510,13468,2022,167,13,50,2
4.21,541,553,14921,2166,239,17,50,2
2.9,426,424,11566,1257,95,4,50,2
2.75,337,331,7993,879,54,3,50,2
4.07,521,561,14202,2418,195,13,17,2
2.89,503,523,16384,1683,182,9,50,2
2.97,465,498,14951,1530,149,7,26,2
2.92,431,446,11319,1722,113,4,50,2
2.43,551,563,12785,1954,240,6,16,2
2.13,426,449,11433,1261,159,7,50,2
2.38,479,498,14500,1372,166,6,26,2
2.28,519,539,13316,1437,187,11,50,2
3.78,559,582,15275,2423,213,13,50,2
3.88,443,479,12191,1371,177,7,50,2
3.29,473,506,16528,1949,167,7,50,2
3.93,477,492,14196,1607,165,6,50,2
2.6,355,393,9084,586,90,5,50,2
4.69,628,646,17865,2331,243,14,50,2
4.1,540,591,15821,1495,171,9,50,2
2.94,493,511,13095,1690,158,4,50,2
5.4,597,640,17816,2312,208,12,50,2
3.54,467,482,13300,960,123,8,50,2
3.3,457,461,11833,1086,129,7,50,2
4.03,599,564,17519,2858,218,15,50,2
2.28,415,378,8482,837,120,7,50,2
2.68,457,464,11052,1594,132,8,50,2
2.76,367,375,9237,805,74,2,50,2
3.72,561,526,13277,2561,200,7,50,2
3.09,440,434,9819,1039,117,6,50,2
2.58,396,372,9239,855,80,3,50,2
3.62,514,479,14824,1860,192,9,50,2
2.08,530,572,13825,2355,197,4,50,2
4.14,541,552,15649,1807,139,5,50,2
2.91,488,515,10805,1532,132,1,46,2
2.18,401,435,12248,1014,117,5,50,2
2.17,407,432,9917,1343,116,6,50,2
1.66,415,413,7742,1307,117,5,50,2
3.8,520,532,14777,2248,192,7,50,2
1.76,408,401,10531,795,107,4,50,2
2.33,388,387,10067,1442,103,10,50,2
3.67,491,509,15981,1860,167,6,50,2
3.03,426,445,12225,1185,138,9,50,2
3.38,476,500,12841,1837,168,15,50,2
2.93,477,469,11819,1851,164,12,50,2
3.2,497,505,11390,2390,220,8,50,2
2.97,454,451,11722,1147,124,4,50,2
2.84,503,493,12574,1869,211,10,50,2
3.78,592,638,14707,2921,234,20,50,2
2.19,392,389,8918,874,95,4,50,2
3.13,366,391,8474,221,121,4,50,2
2.82,458,416,9527,1827,116,7,50,2
4.31,530,557,17397,2619,177,6,50,2
2.67,459,448,15548,1637,161,3,50,2
2.61,452,487,12620,1717,166,7,50,2
2.32,403,401,10326,1087,107,3,50,2
3.48,487,465,12387,2232,198,7,50,2
3.81,419,437,9907,1356,125,1,50,2
2.81,595,558,13130,2333,219,2,50,2
2.82,466,500,11690,918,133,3,33,2
3.77,578,591,14485,2355,164,3,20,2
2.18,346,357,8391,648,64,2,50,2
2.88,438,465,11076,882,152,4,50,2
3.75,486,506,15177,1517,157,8,50,2
3.12,497,494,12139,1683,163,13,50,2
2.43,467,474,13478,1758,143,7,50,2
2.5,516,529,15896,2174,160,6,50,2
2.92,531,507,13165,3017,199,7,50,2
3.01,411,436,10951,1763,133,7,50,2
3.34,483,514,15352,1079,194,10,50,2
2.95,400,412,11619,823,106,2,50,2
2.57,403,401,8599,959,130,3,50,2
2.01,361,406,9550,740,88,2,50,2
3.42,398,438,11441,844,103,5,50,2
2.79,438,458,11436,1584,150,4,50,2
3.52,450,493,12901,1381,185,10,50,2
2.26,480,515,15426,1609,189,6,50,2
3.38,383,424,16084,591,106,1,50,2
3.68,521,539,13844,2685,196,3,50,2
3.53,510,566,14320,1834,199,9,50,2
3.06,436,467,9504,1522,117,5,32,2
3.4,499,545,16353,1809,129,7,20,2
1.74,426,440,12130,1110,135,5,34,2
2.88,507,507,11222,2156,218,3,18,2
2.43,464,515,13259,835,120,3,19,2
3.11,437,474,9483,1035,129,3,10,2
1.96,466,448,12208,1846,163,3,50,2
1.8,325,347,8104,581,72,4,50,2
2.06,336,365,8624,804,74,1,50,2
2.03,454,472,11142,1167,155,8,50,2
2.24,439,434,8848,2252,136,4,50,2
2.55,385,359,10220,1162,82,2,50,2
2.4,396,414,10369,925,111,1,50,2
2.71,408,435,11198,1265,138,4,50,2
2.5,492,513,13548,1908,165,9,50,2
3.19,588,559,10962,3182,271,8,50,2
2.61,417,452,11888,1096,147,6,50,2
3.12,409,444,10763,1192,114,8,50,2
3.2,412,459,12531,1762,141,8,50,2
2.85,453,455,10721,1924,148,6,50,2
1.85,424,473,12380,1282,115,4,50,2
2.1,530,525,13887,2234,184,4,50,2
2.66,482,502,13133,2076,143,6,50,2
2.31,410,435,10211,1066,126,1,50,2
2.77,515,569,15494,1566,203,11,50,2
3.45,459,485,12246,1219,162,3,50,2
7.37,588,602,16037,2288,127,5,50,2
10.16,601,625,16675,888,133,5,50,2
4.0,470,504,11751,1467,102,3,50,2
13.99,620,635,17670,1332,72,2,50,2
3.2,447,485,13271,1560,157,5,50,2
2.38,445,473,11382,2046,148,7,50,2
2.32,399,429,10919,1162,106,6,50,2
1.06,250,261,4584,182,25,2,50,2
4.05,548,559,17732,2750,206,9,50,2
2.22,376,398,10771,1202,102,2,50,2
2.25,398,403,12089,1410,125,3,50,2
2.73,439,461,12851,1680,135,7,50,2
3.61,609,599,17837,3751,276,20,50,2
2.58,514,535,10461,2256,196,5,50,2
2.99,451,483,15513,2173,134,5,50,2
3.35,517,528,16384,2140,189,10,50,2
2.67,452,490,12171,841,140,6,50,2
1.98,432,461,12457,1258,127,3,50,2
2.55,461,418,9099,1151,91,9,50,2
2.31,372,405,10582,630,88,3,50,2
2.74,410,424,11373,848,104,5,50,2
2.36,423,436,9647,1605,134,6,50,2
2.5,358,358,7772,834,91,5,50,2
3.3,489,526,13919,2069,169,8,50,2
4.23,435,462,15135,1056,160,8,50,2
2.96,479,503,13683,1326,175,8,50,2
3.15,504,525,13394,2273,176,14,50,2
3.33,384,411,12384,536,121,5,50,2
3.77,487,493,12692,1875,173,9,50,2
3.67,472,474,9831,1772,154,2,50,2
3.84,485,486,9875,1476,168,4,50,2
3.07,527,544,13525,2637,195,6,50,2
2.42,507,557,11689,2079,189,11,50,2
3.07,514,561,15259,2005,188,10,50,2
2.97,482,508,13616,2372,154,5,50,2
4.35,540,539,17628,2238,145,10,50,2
2.36,455,495,11087,2362,174,3,50,2
3.1,499,525,14705,1825,187,10,50,2
1.9,356,397,9898,892,100,1,50,2
3.39,516,526,14422,1886,191,7,50,2
2.46,481,493,12334,1833,170,9,50,2
2.38,462,465,12591,1792,145,6,50,2
2.03,489,494,16082,1734,151,6,50,2
3.18,576,567,15275,2130,206,9,50,2
4.03,565,550,15670,2458,257,10,50,2
3.89,645,629,18291,3682,195,13,50,2
2.86,427,428,11390,1818,129,5,50,2
1.6,369,356,8547,1033,89,3,50,2
4.28,638,632,20370,2987,246,4,50,2
2.78,505,483,10574,1988,158,10,50,2
4.22,586,574,16013,2448,205,10,50,2
2.46,408,453,10947,1082,127,7,50,2
2.27,411,461,11922,1432,111,3,50,2
2.92,414,428,11055,1382,140,3,50,2
1.7,316,339,7372,879,87,4,50,2
2.8,420,459,14126,1334,133,10,50,2
3.95,648,638,15575,3073,237,19,23,2
2.69,495,533,13953,1672,164,2,29,2
3.63,501,531,20002,1752,147,3,50,2
6.07,396,466,10102,961,122,5,50,2
2.76,437,456,10570,1426,107,8,14,2
2.58,416,463,14808,408,118,6,14,2
3.17,390,450,10177,983,96,4,50,2
3.83,512,581,18250,1125,179,2,50,2
1.94,386,425,11096,1123,133,8,50,2
6.16,348,376,10394,386,36,2,50,2
2.33,447,477,11597,1762,146,10,22,2
3.3,468,486,14463,1530,149,9,50,2
2.35,426,454,11189,1315,160,6,50,2
3.53,548,561,17788,1839,209,8,50,2
2.4,403,416,11068,946,133,7,50,2
2.84,583,591,16127,2182,252,11,50,2
2.58,457,499,12223,1793,153,5,50,2
1.94,410,445,10261,878,146,4,50,2
3.31,447,480,12873,1080,166,6,50,2
1.95,416,390,8408,1897,112,3,50,2
2.66,437,464,11771,1625,133,5,50,2
2.96,493,489,13049,2380,154,6,50,2
3.31,494,518,12518,1725,189,5,50,2
2.64,369,399,9561,1031,114,7,50,2
2.7,449,511,10996,1726,164,6,50,2
2.82,414,450,10070,1510,122,5,50,2
2.3,437,484,12998,1303,153,8,50,2
3.61,467,510,16859,1791,121,2,50,2
3.45,521,550,16975,1582,162,6,50,2
3.89,530,542,17548,2814,169,11,50,2
2.5,498,524,13178,2228,151,6,50,2
2.99,479,508,13853,1798,168,6,50,2
4.37,490,519,14654,2039,169,6,50,2
2.09,347,362,7926,1091,92,3,50,2
2.08,387,423,9791,623,139,6,50,2
2.11,322,374,7653,438,67,2,50,2
2.6,460,463,11261,2135,158,7,50,2
2.11,389,397,9454,836,96,1,50,2
3.91,476,510,13412,1815,135,10,50,2
2.54,500,504,15279,1401,114,3,50,2
3.26,407,467,11991,1049,119,7,50,2
4.15,563,574,16401,2550,179,8,50,2
2.9,415,432,10255,957,122,5,50,2
2.83,495,529,15399,1434,132,9,50,2
2.22,440,490,10731,1108,148,4,50,2
3.65,500,548,15002,2243,182,6,50,2
2.01,363,401,8432,390,107,0,50,2
3.04,453,481,12118,1864,164,8,50,2
2.94,440,480,13154,1668,147,3,50,2
2.24,341,376,9347,379,66,3,50,2
2.5,358,385,8969,712,77,0,50,2
2.12,358,370,8474,1170,91,2,50,2
3.01,419,406,13021,1004,99,2,50,2
3.71,523,535,14599,2404,193,5,50,2
3.14,508,523,11996,1957,178,6,50,2
3.81,486,527,17606,1526,171,3,50,2
3.65,473,506,13137,1415,186,4,50,2
3.71,501,514,14394,2110,193,5,50,2
3.82,541,570,17850,2010,193,6,50,2
2.53,475,513,13416,1848,186,15,50,2
3.52,383,433,12925,616,102,3,50,2
2.5,452,475,11411,1906,123,4,50,2
3.54,461,500,14005,1407,162,6,50,2
3.2,561,560,14092,3071,232,10,50,2
2.85,499,530,13410,2460,148,7,50,2
2.38,482,516,13255,1248,177,3,50,2
3.44,467,503,13196,1474,167,6,50,2
2.21,519,560,14227,1982,195,10,50,2
2.36,439,469,15044,1559,136,7,50,2
4.0,449,469,12394,1319,145,8,50,2
3.44,488,493,13448,1768,134,6,50,2
2.88,428,456,11689,1553,144,6,50,2
2.8,498,524,13784,2108,169,11,50,2
3.55,445,486,12194,1060,135,5,50,2
6.35,629,664,20719,2775,223,7,50,2
2.77,449,479,14481,1462,141,3,50,2
2.41,337,382,9217,578,78,3,50,2
3.37,522,547,19258,1947,190,6,50,2
2.3,352,385,9231,604,77,6,50,2
2.85,454,479,14953,1111,169,9,50,2
1.39,246,263,5334,270,33,3,50,2
3.03,481,500,14759,1633,176,4,50,2
3.01,504,534,15125,2073,223,7,50,2
4.96,466,498,12782,2041,146,3,50,2
2.35,364,406,8440,699,115,3,50,2
2.47,458,474,10855,1913,173,6,50,2
2.66,421,466,13381,1066,129,3,50,2
2.03,473,476,13184,1194,139,5,50,2
2.48,420,449,10832,1352,122,9,50,2
2.31,412,440,13559,816,137,6,50,2
2.35,417,438,9549,1214,116,5,50,2
3.36,340,378,7507,572,45,2,50,2
2.98,454,474,11045,1697,135,4,50,2
3.11,394,409,12970,970,118,7,50,2
1.49,278,279,5699,300,63,0,50,2
2.81,418,476,9376,1139,142,8,50,2
3.27,468,489,14491,1932,174,12,50,2
1.62,271,283,5113,173,63,1,50,2
2.02,409,465,12078,519,97,3,50,2
3.34,484,521,14396,1748,155,4,50,2
2.79,421,471,11074,1087,110,4,50,2
2.19,468,457,10914,2814,172,2,50,2
2.61,624,632,14661,3918,268,3,50,2
2.14,429,467,12002,1568,144,3,50,2
2.94,525,586,15083,709,169,0,50,2
2.82,426,454,11407,1299,121,3,50,2
0.11,284,189,690,141,100,0,50,2
0.09,274,179,733,175,102,0,50,2
1.38,358,286,4756,972,73,1,50,2
0.06,242,121,329,58,54,0,50,2
3.21,350,402,9442,442,102,4,50,2
3.01,439,471,12396,1634,118,5,50,2
2.26,446,465,11374,1659,171,6,50,2
3.02,466,449,10587,1517,149,4,50,2
3.27,426,421,11581,1722,136,5,50,2
1.99,315,337,6534,823,93,4,50,2
2.5,405,434,12911,972,116,5,50,2
2.63,484,498,13552,1789,227,11,50,2
2.34,413,435,11193,1235,132,8,50,2
2.97,509,537,15862,1935,186,8,50,2
3.38,587,558,15005,2519,214,7,50,2
2.52,486,536,17235,1852,154,7,50,2
2.64,427,412,8476,1331,118,5,50,2
2.84,470,491,12583,1796,161,9,50,2
2.51,378,345,10153,202,41,0,50,2
2.56,386,404,12575,994,99,5,50,2
2.41,427,436,11803,1168,135,3,50,2
3.14,512,529,16903,2520,183,6,50,2
2.73,500,510,11818,2128,189,10,50,2
2.32,565,548,11127,2150,213,10,50,2
2.76,465,480,11402,1306,156,6,50,2
3.01,388,402,9028,1104,99,6,50,2
3.13,415,426,8418,1170,115,4,50,2
2.38,437,477,11641,1260,163,10,50,2
2.13,411,431,12497,1233,134,5,50,2
3.02,474,496,12903,3046,169,6,50,2
2.28,398,384,10716,551,74,1,50,2
2.62,447,470,12519,1893,146,5,50,2
3.02,380,407,12144,952,102,5,50,2
1.82,391,398,8902,1400,110,7,50,2
2.18,397,422,12254,1296,119,4,50,2
2.26,388,419,10960,1203,121,8,50,2
3.55,571,594,18660,1708,251,9,50,2
2.91,414,450,10541,1089,145,9,50,2
1.02,189,128,5496,143,29,0,50,2
5.41,547,520,10611,1635,136,11,15,2
2.24,433,489,12440,473,146,7,50,2
2.79,526,553,16669,1619,164,8,50,2
3.1,437,464,12799,994,113,3,50,2
2.22,402,434,8065,3071,126,0,50,2
2.97,507,533,12440,2061,173,5,47,2
3.31,422,474,11190,1076,144,5,50,2
2.01,456,457,9754,1679,138,4,50,2
2.25,491,518,9520,2562,201,3,50,2
3.06,485,494,11019,1804,188,8,50,2
2.17,455,484,11441,1528,161,4,50,2
0.94,307,304,6039,394,62,0,50,2
1.98,400,419,10132,677,99,2,50,2
11.99,603,633,17610,1344,76,1,50,2
9.53,549,586,16919,944,67,3,50,2
2.6,407,454,10625,849,110,6,50,2
2.16,438,449,10681,2155,158,7,50,2
2.42,512,531,13829,2070,185,3,50,2
1.82,403,433,8685,730,132,2,50,2
2.76,502,519,12649,2170,210,11,50,2
2.78,501,511,11235,1570,210,10,50,2
3.57,512,532,15974,1587,164,5,50,2
4.43,565,603,20832,1944,195,9,50,2
2.39,393,399,8903,1691,89,4,50,2
2.8,395,423,12018,1490,93,4,50,2
3.85,489,515,15519,1935,147,8,50,2
2.72,460,488,14069,1139,146,3,50,2
2.91,443,485,12589,1551,157,2,50,2
2.01,446,461,8637,1703,170,9,50,2
2.23,383,407,10955,902,117,5,50,2
2.14,488,515,16714,1409,176,9,50,2
3.54,435,478,16768,1025,66,4,50,2
2.18,495,515,14478,2036,179,5,50,2
3.55,539,564,15941,2240,192,11,50,2
3.38,499,524,16085,2044,164,5,50,2
2.47,406,423,11214,1718,116,4,50,2
3.17,488,513,14315,1573,161,10,50,2
2.47,301,342,8345,552,64,5,50,2
3.0,352,385,11321,763,101,2,50,2
3.72,536,548,18613,2176,169,8,50,2
4.81,552,565,19454,2640,175,7,50,2
1.88,402,438,10445,846,124,3,50,2
2.48,433,450,11083,967,118,9,50,2
2.78,530,562,15344,1265,164,11,50,2
2.57,432,466,13064,860,140,3,23,2
4.46,577,581,11765,1894,214,11,12,2
3.74,400,420,11028,1332,74,2,44,2
2.26,425,440,10829,1468,145,5,50,2
2.75,468,485,13622,1334,209,10,50,2
3.25,368,404,9520,636,100,2,50,2
3.49,409,452,10941,1302,112,9,50,2
2.99,475,514,17183,1089,151,7,50,2
2.76,396,417,10925,952,116,4,50,2
2.65,460,497,12454,1624,206,3,50,2
2.8,397,430,11550,1382,116,4,50,2
3.2,438,467,14201,854,131,5,50,2
3.03,528,542,14480,2931,210,11,50,2
2.89,444,482,11877,1530,162,8,50,2
2.46,474,489,12534,1845,144,9,50,2
1.79,385,425,10194,863,121,5,50,2
2.38,365,410,10601,538,70,2,50,2
2.45,385,413,10912,649,109,8,50,2
3.86,550,545,16695,2928,238,9,50,2
2.04,413,423,10362,1633,137,2,50,2
3.23,499,540,14398,1469,197,8,50,2
2.46,391,411,9449,1601,129,8,50,2
2.47,417,447,12361,1135,146,8,50,2
2.41,391,433,10981,1183,126,6,50,2
2.4,380,399,9706,871,96,3,50,2
3.01,530,543,12946,2311,194,6,50,2
3.3,459,497,14582,1697,139,8,50,2
1.94,405,425,11234,1308,119,2,50,2
3.37,576,612,14854,1994,266,10,50,2
2.46,548,489,15542,2078,252,7,50,2
2.09,352,358,9204,984,83,4,50,2
2.4,322,300,8312,484,59,2,50,2
4.19,635,614,22319,4211,258,7,35,2
3.33,427,441,12098,1083,125,4,50,2
2.75,481,485,13897,1971,205,7,50,2
2.32,404,437,10042,945,115,7,50,2
2.2,410,426,12392,643,112,5,50,2
2.5,487,503,14136,1553,168,5,50,2
4.06,545,577,20139,2783,185,7,50,2
3.57,474,522,15168,1685,155,10,50,2
2.59,402,443,12301,1039,101,3,50,2
2.31,429,453,10435,1425,136,5,50,2
2.39,442,449,10131,1493,105,3,50,2
2.08,441,468,12591,1494,131,5,50,2
3.07,399,437,9157,1053,124,4,50,2
2.43,385,442,12310,407,75,1,50,2
2.34,379,422,10321,748,107,5,50,2
2.85,497,517,13956,1991,195,7,50,2
2.69,474,496,12875,2548,179,8,50,2
3.29,395,410,10960,939,104,5,50,2
2.01,347,373,9520,699,67,1,50,2
2.41,508,534,14084,1772,206,8,50,2
2.9,527,530,16680,1849,188,6,50,2
2.33,421,441,10387,1619,144,2,50,2
2.2,444,480,13700,1185,150,8,50,2
1.99,360,366,8509,683,74,3,50,2
2.28,418,460,9404,653,135,1,50,2
2.31,499,372,9929,1281,105,1,50,2
2.35,396,431,13197,827,121,4,50,2
3.29,443,479,12824,1566,136,5,50,2
2.41,413,429,10581,1811,144,3,50,2
2.89,450,432,11543,1454,81,3,50,2
3.35,519,515,13065,1990,138,8,50,2
2.69,472,492,13458,1656,141,4,50,2
3.19,515,531,13219,1770,212,9,50,2
3.24,418,413,10402,1504,115,6,50,2
2.04,324,330,8118,474,83,4,50,2
3.57,457,492,12646,1898,146,7,50,2
2.73,455,486,10064,1587,122,9,42,2
2.98,489,550,12759,1492,194,4,50,2
2.55,412,408,10309,1340,152,6,50,2
1.81,325,331,7090,498,51,2,50,2
2.37,462,455,13374,828,128,5,50,2
2.6,473,497,13100,2168,152,2,50,2
4.32,509,529,12988,2726,173,5,50,2
2.53,470,497,11801,2182,180,7,50,2
2.21,379,392,10017,565,97,1,50,2
3.07,546,586,18805,2836,200,9,50,2
3.8,443,480,13581,1593,98,2,50,2
3.0,444,454,12368,1162,140,2,50,2
2.83,329,384,8494,415,50,2,50,2
1.96,458,465,11515,1609,156,6,50,2
2.29,338,336,7890,719,50,2,50,2
2.47,521,553,16045,1682,152,5,50,2
2.28,497,492,13936,2219,201,6,50,2
1.71,308,319,6096,553,56,3,50,2
2.89,501,506,11131,1876,154,8,50,2
2.58,397,421,10580,1194,113,3,50,2
2.61,433,470,13504,998,162,9,50,2
3.77,494,514,15002,1317,178,9,50,2
3.23,528,527,14911,2290,199,11,50,2
2.77,381,401,10729,1282,119,3,50,2
3.88,540,555,16892,1924,246,10,50,2
3.06,506,528,15942,1774,207,10,50,2
3.01,555,518,12897,2427,219,7,50,2
3.39,509,515,13774,1962,182,7,50,2
2.5,458,455,8447,1599,164,2,50,2
4.02,580,576,16241,3058,198,10,50,2
2.83,455,439,10782,1444,119,2,50,2
3.96,576,540,14287,3274,199,10,50,2
2.75,434,470,11831,1700,138,8,50,2
3.0,523,552,15568,1478,183,11,50,2
4.52,491,471,12516,1422,174,10,50,2
2.8,459,497,12671,1386,158,4,50,2
2.28,474,481,12233,1365,176,4,50,2
2.69,477,510,12423,1551,180,7,50,2
2.14,418,448,9902,1317,119,8,50,2
3.55,508,542,13824,2261,204,12,50,2
1.91,342,367,9112,757,76,7,50,2
1.87,474,545,14728,1262,158,4,50,2
2.47,376,374,7684,910,83,2,50,2
4.26,467,494,14599,1371,132,3,50,2
2.49,202,201,5138,504,48,1,50,2
2.45,489,522,13160,1116,162,10,50,2
2.89,562,553,16456,2745,231,8,50,2
3.44,464,475,15005,1051,153,2,50,2
3.62,464,492,14189,1598,173,5,50,2
2.61,413,427,12331,1130,110,5,50,2
3.38,481,486,14109,1640,167,5,50,2
3.12,471,481,10143,1912,156,6,50,2
2.5,444,481,12665,1302,159,12,50,2
3.32,436,441,11376,1066,122,6,50,2
2.3,404,402,11477,714,143,3,50,2
3.54,508,523,12743,2037,201,12,50,2
4.06,501,536,17074,2820,186,5,50,2
2.98,496,504,15638,1579,182,5,50,2
2.46,395,416,11211,1099,113,6,50,2
2.22,431,444,11161,1678,128,5,50,2
4.04,519,557,14045,2072,191,9,50,2
2.19,430,442,9705,1084,142,2,50,2
1.89,384,398,9953,831,116,3,50,2
3.05,381,410,9222,644,96,3,50,2
3.08,424,481,12978,1115,150,6,50,2
3.04,416,442,10024,1411,137,5,50,2
2.15,411,415,10497,1586,128,2,50,2
2.47,433,463,8545,1506,179,2,50,2
2.69,404,432,10281,948,111,7,50,2
2.82,499,518,14884,1363,210,5,50,2
3.59,483,525,13042,2115,184,7,50,2
2.33,483,487,13631,1810,156,7,50,2
2.17,397,422,11282,1611,140,6,50,2
3.29,404,452,14355,351,89,4,9,2
2.57,453,503,9412,1403,161,3,50,2
2.84,427,423,10605,857,113,4,50,2
2.92,559,559,12615,2848,193,5,50,2
3.3,481,484,12549,1781,150,6,50,2
2.51,387,416,11034,1030,79,1,50,2
2.92,500,496,13361,2624,142,8,50,2
3.13,430,441,11571,1340,140,6,50,2
2.49,437,444,7778,1404,151,8,50,2
2.81,425,451,10222,1249,128,6,50,2
2.7,485,474,12395,1797,157,10,50,2
2.41,436,413,9349,1079,122,6,50,2
1.89,412,410,7925,1090,127,7,50,2
2.9,471,477,11586,1540,158,11,50,2
1.94,400,362,9781,866,54,3,50,2
3.31,478,487,12421,1716,139,9,50,2
